tick=0 subject=world event=world_initialized result=width:128,height:128,territories:2
tick=0 subject=F0001 event=food_initialized result=class:low,position:78:0,territory:A
tick=0 subject=F0002 event=food_initialized result=class:medium,position:116:35,territory:A
tick=0 subject=F0003 event=food_initialized result=class:high,position:104:41,territory:A
tick=0 subject=F0004 event=food_initialized result=class:low,position:69:9,territory:A
tick=0 subject=F0005 event=food_initialized result=class:medium,position:79:1,territory:A
tick=0 subject=F0006 event=food_initialized result=class:high,position:21:3,territory:A
tick=0 subject=F0007 event=food_initialized result=class:low,position:58:24,territory:A
tick=0 subject=F0008 event=food_initialized result=class:medium,position:124:23,territory:A
tick=0 subject=F0009 event=food_initialized result=class:high,position:7:49,territory:A
tick=0 subject=F0010 event=food_initialized result=class:low,position:116:49,territory:A
tick=0 subject=F0011 event=food_initialized result=class:medium,position:66:25,territory:A
tick=0 subject=F0012 event=food_initialized result=class:high,position:12:35,territory:A
tick=0 subject=F0013 event=food_initialized result=class:low,position:122:50,territory:A
tick=0 subject=F0014 event=food_initialized result=class:medium,position:125:53,territory:A
tick=0 subject=F0015 event=food_initialized result=class:high,position:22:45,territory:A
tick=0 subject=F0016 event=food_initialized result=class:low,position:3:58,territory:A
tick=0 subject=F0017 event=food_initialized result=class:medium,position:124:28,territory:A
tick=0 subject=F0018 event=food_initialized result=class:high,position:75:37,territory:A
tick=0 subject=F0019 event=food_initialized result=class:low,position:108:22,territory:A
tick=0 subject=F0020 event=food_initialized result=class:medium,position:72:55,territory:A
tick=0 subject=F0021 event=food_initialized result=class:high,position:114:14,territory:A
tick=0 subject=F0022 event=food_initialized result=class:low,position:89:39,territory:A
tick=0 subject=F0023 event=food_initialized result=class:medium,position:21:11,territory:A
tick=0 subject=F0024 event=food_initialized result=class:high,position:98:57,territory:A
tick=0 subject=F0025 event=food_initialized result=class:low,position:4:36,territory:A
tick=0 subject=F0026 event=food_initialized result=class:medium,position:68:33,territory:A
tick=0 subject=F0027 event=food_initialized result=class:high,position:8:34,territory:A
tick=0 subject=F0028 event=food_initialized result=class:low,position:118:10,territory:A
tick=0 subject=F0029 event=food_initialized result=class:medium,position:68:55,territory:A
tick=0 subject=F0030 event=food_initialized result=class:high,position:87:26,territory:A
tick=0 subject=F0031 event=food_initialized result=class:low,position:36:32,territory:A
tick=0 subject=F0032 event=food_initialized result=class:medium,position:24:36,territory:A
tick=0 subject=F0033 event=food_initialized result=class:high,position:2:13,territory:A
tick=0 subject=F0034 event=food_initialized result=class:low,position:1:9,territory:A
tick=0 subject=F0035 event=food_initialized result=class:medium,position:52:20,territory:A
tick=0 subject=F0036 event=food_initialized result=class:high,position:30:51,territory:A
tick=0 subject=F0037 event=food_initialized result=class:low,position:76:8,territory:A
tick=0 subject=F0038 event=food_initialized result=class:medium,position:61:30,territory:A
tick=0 subject=F0039 event=food_initialized result=class:high,position:101:19,territory:A
tick=0 subject=F0040 event=food_initialized result=class:low,position:41:49,territory:A
tick=0 subject=F0041 event=food_initialized result=class:medium,position:45:55,territory:A
tick=0 subject=F0042 event=food_initialized result=class:high,position:25:21,territory:A
tick=0 subject=F0043 event=food_initialized result=class:low,position:96:56,territory:A
tick=0 subject=F0044 event=food_initialized result=class:medium,position:18:8,territory:A
tick=0 subject=F0045 event=food_initialized result=class:high,position:53:29,territory:A
tick=0 subject=F0046 event=food_initialized result=class:low,position:34:29,territory:A
tick=0 subject=F0047 event=food_initialized result=class:medium,position:23:57,territory:A
tick=0 subject=F0048 event=food_initialized result=class:high,position:17:16,territory:A
tick=0 subject=F0049 event=food_initialized result=class:low,position:15:32,territory:A
tick=0 subject=F0050 event=food_initialized result=class:medium,position:45:23,territory:A
tick=0 subject=F0051 event=food_initialized result=class:high,position:63:38,territory:A
tick=0 subject=F0052 event=food_initialized result=class:low,position:77:50,territory:A
tick=0 subject=F0053 event=food_initialized result=class:medium,position:103:62,territory:A
tick=0 subject=F0054 event=food_initialized result=class:high,position:58:58,territory:A
tick=0 subject=F0055 event=food_initialized result=class:low,position:51:60,territory:A
tick=0 subject=F0056 event=food_initialized result=class:medium,position:94:30,territory:A
tick=0 subject=F0057 event=food_initialized result=class:high,position:105:58,territory:A
tick=0 subject=F0058 event=food_initialized result=class:low,position:26:61,territory:A
tick=0 subject=F0059 event=food_initialized result=class:medium,position:16:30,territory:A
tick=0 subject=F0060 event=food_initialized result=class:high,position:67:60,territory:A
tick=0 subject=F0061 event=food_initialized result=class:low,position:5:49,territory:A
tick=0 subject=F0062 event=food_initialized result=class:low,position:85:83,territory:B
tick=0 subject=F0063 event=food_initialized result=class:medium,position:48:118,territory:B
tick=0 subject=F0064 event=food_initialized result=class:high,position:39:110,territory:B
tick=0 subject=F0065 event=food_initialized result=class:low,position:126:80,territory:B
tick=0 subject=F0066 event=food_initialized result=class:medium,position:13:96,territory:B
tick=0 subject=F0067 event=food_initialized result=class:high,position:9:113,territory:B
tick=0 subject=F0068 event=food_initialized result=class:low,position:19:94,territory:B
tick=0 subject=F0069 event=food_initialized result=class:medium,position:24:68,territory:B
tick=0 subject=F0070 event=food_initialized result=class:high,position:64:117,territory:B
tick=0 subject=F0071 event=food_initialized result=class:low,position:72:95,territory:B
tick=0 subject=F0072 event=food_initialized result=class:medium,position:94:116,territory:B
tick=0 subject=F0073 event=food_initialized result=class:high,position:99:82,territory:B
tick=0 subject=F0074 event=food_initialized result=class:low,position:7:114,territory:B
tick=0 subject=F0075 event=food_initialized result=class:medium,position:22:114,territory:B
tick=0 subject=F0076 event=food_initialized result=class:high,position:109:106,territory:B
tick=0 subject=F0077 event=food_initialized result=class:low,position:67:121,territory:B
tick=0 subject=F0078 event=food_initialized result=class:medium,position:71:70,territory:B
tick=0 subject=F0079 event=food_initialized result=class:high,position:66:86,territory:B
tick=0 subject=F0080 event=food_initialized result=class:low,position:89:77,territory:B
tick=0 subject=F0081 event=food_initialized result=class:medium,position:39:94,territory:B
tick=0 subject=F0082 event=food_initialized result=class:high,position:90:76,territory:B
tick=0 subject=F0083 event=food_initialized result=class:low,position:63:117,territory:B
tick=0 subject=F0084 event=food_initialized result=class:medium,position:97:83,territory:B
tick=0 subject=F0085 event=food_initialized result=class:high,position:41:122,territory:B
tick=0 subject=F0086 event=food_initialized result=class:low,position:124:125,territory:B
tick=0 subject=F0087 event=food_initialized result=class:medium,position:97:71,territory:B
tick=0 subject=F0088 event=food_initialized result=class:high,position:27:127,territory:B
tick=0 subject=F0089 event=food_initialized result=class:low,position:108:122,territory:B
tick=0 subject=F0090 event=food_initialized result=class:medium,position:20:83,territory:B
tick=0 subject=F0091 event=food_initialized result=class:high,position:105:75,territory:B
tick=0 subject=F0092 event=food_initialized result=class:low,position:106:78,territory:B
tick=0 subject=F0093 event=food_initialized result=class:medium,position:13:71,territory:B
tick=0 subject=F0094 event=food_initialized result=class:high,position:87:79,territory:B
tick=0 subject=F0095 event=food_initialized result=class:low,position:28:123,territory:B
tick=0 subject=F0096 event=food_initialized result=class:medium,position:107:99,territory:B
tick=0 subject=F0097 event=food_initialized result=class:high,position:121:65,territory:B
tick=0 subject=F0098 event=food_initialized result=class:low,position:20:111,territory:B
tick=0 subject=F0099 event=food_initialized result=class:medium,position:93:80,territory:B
tick=0 subject=F0100 event=food_initialized result=class:high,position:125:76,territory:B
tick=0 subject=F0101 event=food_initialized result=class:low,position:65:76,territory:B
tick=0 subject=F0102 event=food_initialized result=class:medium,position:4:72,territory:B
tick=0 subject=F0103 event=food_initialized result=class:high,position:11:70,territory:B
tick=0 subject=F0104 event=food_initialized result=class:low,position:39:102,territory:B
tick=0 subject=F0105 event=food_initialized result=class:medium,position:108:111,territory:B
tick=0 subject=F0106 event=food_initialized result=class:high,position:98:127,territory:B
tick=0 subject=F0107 event=food_initialized result=class:low,position:56:91,territory:B
tick=0 subject=F0108 event=food_initialized result=class:medium,position:46:78,territory:B
tick=0 subject=F0109 event=food_initialized result=class:high,position:89:76,territory:B
tick=0 subject=F0110 event=food_initialized result=class:low,position:41:107,territory:B
tick=0 subject=F0111 event=food_initialized result=class:medium,position:42:85,territory:B
tick=0 subject=F0112 event=food_initialized result=class:high,position:19:102,territory:B
tick=0 subject=F0113 event=food_initialized result=class:low,position:30:79,territory:B
tick=0 subject=F0114 event=food_initialized result=class:medium,position:12:126,territory:B
tick=0 subject=F0115 event=food_initialized result=class:high,position:61:98,territory:B
tick=0 subject=F0116 event=food_initialized result=class:low,position:5:91,territory:B
tick=0 subject=F0117 event=food_initialized result=class:medium,position:26:103,territory:B
tick=0 subject=F0118 event=food_initialized result=class:high,position:83:117,territory:B
tick=0 subject=F0119 event=food_initialized result=class:low,position:75:80,territory:B
tick=0 subject=F0120 event=food_initialized result=class:medium,position:12:81,territory:B
tick=0 subject=F0121 event=food_initialized result=class:high,position:7:64,territory:B
tick=0 subject=F0122 event=food_initialized result=class:low,position:117:78,territory:B
tick=0 subject=M01 event=agent_initialized result=position:63:31,territory:A,health:100,satiety:100,energy:100
tick=0 subject=M02 event=agent_initialized result=position:61:48,territory:A,health:100,satiety:100,energy:100
tick=0 subject=M03 event=agent_initialized result=position:24:58,territory:A,health:100,satiety:100,energy:100
tick=0 subject=M04 event=agent_initialized result=position:16:18,territory:A,health:100,satiety:100,energy:100
tick=0 subject=M05 event=agent_initialized result=position:98:45,territory:A,health:100,satiety:100,energy:100
tick=0 subject=M06 event=agent_initialized result=position:24:32,territory:A,health:100,satiety:100,energy:100
tick=0 subject=M07 event=agent_initialized result=position:63:90,territory:B,health:100,satiety:100,energy:100
tick=0 subject=M08 event=agent_initialized result=position:74:72,territory:B,health:100,satiety:100,energy:100
tick=0 subject=M09 event=agent_initialized result=position:121:96,territory:B,health:100,satiety:100,energy:100
tick=0 subject=M10 event=agent_initialized result=position:126:114,territory:B,health:100,satiety:100,energy:100
tick=0 subject=M11 event=agent_initialized result=position:101:86,territory:B,health:100,satiety:100,energy:100
tick=0 subject=M12 event=agent_initialized result=position:58:82,territory:B,health:100,satiety:100,energy:100
tick=0 subject=world event=decision_source_selected result=source:baseline
tick=1 subject=M01 event=survival_changed result=health:100->100,satiety:100->99,energy:100->99
tick=1 subject=M02 event=survival_changed result=health:100->100,satiety:100->99,energy:100->99
tick=1 subject=M03 event=survival_changed result=health:100->100,satiety:100->99,energy:100->99
tick=1 subject=M04 event=survival_changed result=health:100->100,satiety:100->99,energy:100->99
tick=1 subject=M05 event=survival_changed result=health:100->100,satiety:100->99,energy:100->99
tick=1 subject=M06 event=survival_changed result=health:100->100,satiety:100->99,energy:100->99
tick=1 subject=M07 event=survival_changed result=health:100->100,satiety:100->99,energy:100->99
tick=1 subject=M08 event=survival_changed result=health:100->100,satiety:100->99,energy:100->99
tick=1 subject=M09 event=survival_changed result=health:100->100,satiety:100->99,energy:100->99
tick=1 subject=M10 event=survival_changed result=health:100->100,satiety:100->99,energy:100->99
tick=1 subject=M11 event=survival_changed result=health:100->100,satiety:100->99,energy:100->99
tick=1 subject=M12 event=survival_changed result=health:100->100,satiety:100->99,energy:100->99
tick=2 subject=M01 event=survival_changed result=health:100->100,satiety:99->98,energy:99->98
tick=2 subject=M02 event=survival_changed result=health:100->100,satiety:99->98,energy:99->98
tick=2 subject=M03 event=survival_changed result=health:100->100,satiety:99->98,energy:99->98
tick=2 subject=M04 event=survival_changed result=health:100->100,satiety:99->98,energy:99->98
tick=2 subject=M05 event=survival_changed result=health:100->100,satiety:99->98,energy:99->98
tick=2 subject=M06 event=survival_changed result=health:100->100,satiety:99->98,energy:100->99
tick=2 subject=M07 event=survival_changed result=health:100->100,satiety:99->98,energy:99->98
tick=2 subject=M08 event=survival_changed result=health:100->100,satiety:99->98,energy:99->98
tick=2 subject=M09 event=survival_changed result=health:100->100,satiety:99->98,energy:100->99
tick=2 subject=M10 event=survival_changed result=health:100->100,satiety:99->98,energy:99->98
tick=2 subject=M11 event=survival_changed result=health:100->100,satiety:99->98,energy:99->98
tick=2 subject=M12 event=survival_changed result=health:100->100,satiety:99->98,energy:99->98
tick=3 subject=M01 event=survival_changed result=health:100->100,satiety:98->97,energy:98->97
tick=3 subject=M02 event=survival_changed result=health:100->100,satiety:98->97,energy:98->97
tick=3 subject=M03 event=survival_changed result=health:100->100,satiety:98->97,energy:98->97
tick=3 subject=M04 event=survival_changed result=health:100->100,satiety:98->97,energy:98->97
tick=3 subject=M05 event=survival_changed result=health:100->100,satiety:98->97,energy:98->97
tick=3 subject=M06 event=survival_changed result=health:100->100,satiety:98->97,energy:99->98
tick=3 subject=M07 event=survival_changed result=health:100->100,satiety:98->97,energy:98->97
tick=3 subject=M08 event=survival_changed result=health:100->100,satiety:98->97,energy:100->99
tick=3 subject=M09 event=survival_changed result=health:100->100,satiety:98->97,energy:99->98
tick=3 subject=M10 event=survival_changed result=health:100->100,satiety:98->97,energy:98->97
tick=3 subject=M11 event=survival_changed result=health:100->100,satiety:98->97,energy:98->97
tick=3 subject=M12 event=survival_changed result=health:100->100,satiety:98->97,energy:98->97
tick=4 subject=M01 event=survival_changed result=health:100->100,satiety:97->96,energy:97->96
tick=4 subject=M02 event=survival_changed result=health:100->100,satiety:97->96,energy:97->96
tick=4 subject=M03 event=survival_changed result=health:100->100,satiety:97->96,energy:97->96
tick=4 subject=M04 event=survival_changed result=health:100->100,satiety:97->96,energy:97->96
tick=4 subject=M05 event=survival_changed result=health:100->100,satiety:97->96,energy:97->96
tick=4 subject=M06 event=survival_changed result=health:100->100,satiety:97->96,energy:98->97
tick=4 subject=M07 event=survival_changed result=health:100->100,satiety:97->96,energy:97->96
tick=4 subject=M08 event=survival_changed result=health:100->100,satiety:97->96,energy:99->98
tick=4 subject=M09 event=survival_changed result=health:100->100,satiety:97->96,energy:98->97
tick=4 subject=M10 event=survival_changed result=health:100->100,satiety:97->96,energy:100->99
tick=4 subject=M11 event=survival_changed result=health:100->100,satiety:97->96,energy:100->99
tick=4 subject=M12 event=survival_changed result=health:100->100,satiety:97->96,energy:97->96
tick=5 subject=M01 event=survival_changed result=health:100->100,satiety:96->95,energy:96->95
tick=5 subject=M02 event=survival_changed result=health:100->100,satiety:96->95,energy:96->95
tick=5 subject=M03 event=survival_changed result=health:100->100,satiety:96->95,energy:96->95
tick=5 subject=M04 event=survival_changed result=health:100->100,satiety:96->95,energy:96->95
tick=5 subject=M05 event=survival_changed result=health:100->100,satiety:96->95,energy:96->95
tick=5 subject=M06 event=survival_changed result=health:100->100,satiety:96->95,energy:97->96
tick=5 subject=M07 event=survival_changed result=health:100->100,satiety:96->95,energy:96->95
tick=5 subject=M08 event=survival_changed result=health:100->100,satiety:96->95,energy:98->97
tick=5 subject=M09 event=survival_changed result=health:100->100,satiety:96->95,energy:97->96
tick=5 subject=M10 event=survival_changed result=health:100->100,satiety:96->95,energy:99->98
tick=5 subject=M11 event=survival_changed result=health:100->100,satiety:96->95,energy:99->98
tick=5 subject=M12 event=survival_changed result=health:100->100,satiety:96->95,energy:96->95
tick=6 subject=M01 event=survival_changed result=health:100->100,satiety:95->94,energy:95->94
tick=6 subject=M02 event=survival_changed result=health:100->100,satiety:95->94,energy:100->99
tick=6 subject=M03 event=survival_changed result=health:100->100,satiety:95->94,energy:100->99
tick=6 subject=M04 event=survival_changed result=health:100->100,satiety:95->94,energy:95->94
tick=6 subject=M05 event=survival_changed result=health:100->100,satiety:95->94,energy:100->99
tick=6 subject=M06 event=survival_changed result=health:100->100,satiety:95->94,energy:96->95
tick=6 subject=M07 event=survival_changed result=health:100->100,satiety:95->94,energy:95->94
tick=6 subject=M08 event=survival_changed result=health:100->100,satiety:95->94,energy:97->96
tick=6 subject=M09 event=survival_changed result=health:100->100,satiety:95->94,energy:96->95
tick=6 subject=M10 event=survival_changed result=health:100->100,satiety:95->94,energy:98->97
tick=6 subject=M11 event=survival_changed result=health:100->100,satiety:95->94,energy:100->99
tick=6 subject=M12 event=survival_changed result=health:100->100,satiety:95->94,energy:95->94
tick=7 subject=M01 event=survival_changed result=health:100->100,satiety:94->93,energy:94->93
tick=7 subject=M02 event=survival_changed result=health:100->100,satiety:94->93,energy:99->98
tick=7 subject=M03 event=survival_changed result=health:100->100,satiety:94->93,energy:99->98
tick=7 subject=M04 event=survival_changed result=health:100->100,satiety:94->93,energy:94->93
tick=7 subject=M05 event=survival_changed result=health:100->100,satiety:94->93,energy:100->99
tick=7 subject=M06 event=survival_changed result=health:100->100,satiety:94->93,energy:95->94
tick=7 subject=M07 event=survival_changed result=health:100->100,satiety:94->93,energy:94->93
tick=7 subject=M08 event=survival_changed result=health:100->100,satiety:94->93,energy:100->99
tick=7 subject=M09 event=survival_changed result=health:100->100,satiety:94->93,energy:100->99
tick=7 subject=M10 event=survival_changed result=health:100->100,satiety:94->93,energy:100->99
tick=7 subject=M11 event=survival_changed result=health:100->100,satiety:94->93,energy:99->98
tick=7 subject=M12 event=survival_changed result=health:100->100,satiety:94->93,energy:94->93
tick=8 subject=M01 event=survival_changed result=health:100->100,satiety:93->92,energy:93->92
tick=8 subject=M02 event=survival_changed result=health:100->100,satiety:93->92,energy:98->97
tick=8 subject=M03 event=survival_changed result=health:100->100,satiety:93->92,energy:98->97
tick=8 subject=M04 event=survival_changed result=health:100->100,satiety:93->92,energy:93->92
tick=8 subject=M05 event=survival_changed result=health:100->100,satiety:93->92,energy:100->99
tick=8 subject=M06 event=survival_changed result=health:100->100,satiety:93->92,energy:94->93
tick=8 subject=M07 event=survival_changed result=health:100->100,satiety:93->92,energy:100->99
tick=8 subject=M08 event=survival_changed result=health:100->100,satiety:93->92,energy:99->98
tick=8 subject=M09 event=survival_changed result=health:100->100,satiety:93->92,energy:99->98
tick=8 subject=M10 event=survival_changed result=health:100->100,satiety:93->92,energy:99->98
tick=8 subject=M11 event=survival_changed result=health:100->100,satiety:93->92,energy:98->97
tick=8 subject=M12 event=survival_changed result=health:100->100,satiety:93->92,energy:93->92
tick=9 subject=M01 event=survival_changed result=health:100->100,satiety:92->91,energy:92->91
tick=9 subject=M02 event=survival_changed result=health:100->100,satiety:92->91,energy:97->96
tick=9 subject=M03 event=survival_changed result=health:100->100,satiety:92->91,energy:97->96
tick=9 subject=M04 event=survival_changed result=health:100->100,satiety:92->91,energy:92->91
tick=9 subject=M05 event=survival_changed result=health:100->100,satiety:92->91,energy:99->98
tick=9 subject=M06 event=survival_changed result=health:100->100,satiety:92->91,energy:93->92
tick=9 subject=M07 event=survival_changed result=health:100->100,satiety:92->91,energy:99->98
tick=9 subject=M08 event=survival_changed result=health:100->100,satiety:92->91,energy:98->97
tick=9 subject=M09 event=survival_changed result=health:100->100,satiety:92->91,energy:98->97
tick=9 subject=M10 event=survival_changed result=health:100->100,satiety:92->91,energy:98->97
tick=9 subject=M11 event=survival_changed result=health:100->100,satiety:92->91,energy:97->96
tick=9 subject=M12 event=survival_changed result=health:100->100,satiety:92->91,energy:92->91
tick=10 subject=M01 event=survival_changed result=health:100->100,satiety:91->90,energy:91->90
tick=10 subject=M02 event=survival_changed result=health:100->100,satiety:91->90,energy:96->95
tick=10 subject=M03 event=survival_changed result=health:100->100,satiety:91->90,energy:96->95
tick=10 subject=M04 event=survival_changed result=health:100->100,satiety:91->90,energy:91->90
tick=10 subject=M05 event=survival_changed result=health:100->100,satiety:91->90,energy:98->97
tick=10 subject=M06 event=survival_changed result=health:100->100,satiety:91->90,energy:92->91
tick=10 subject=M07 event=survival_changed result=health:100->100,satiety:91->90,energy:100->99
tick=10 subject=M08 event=survival_changed result=health:100->100,satiety:91->90,energy:97->96
tick=10 subject=M09 event=survival_changed result=health:100->100,satiety:91->90,energy:97->96
tick=10 subject=M10 event=survival_changed result=health:100->100,satiety:91->90,energy:97->96
tick=10 subject=M11 event=survival_changed result=health:100->100,satiety:91->90,energy:100->99
tick=10 subject=M12 event=survival_changed result=health:100->100,satiety:91->90,energy:91->90
tick=10 subject=A event=food_regeneration_skipped result=reason:capacity,count:61
tick=10 subject=B event=food_regeneration_skipped result=reason:capacity,count:61
tick=11 subject=M01 event=survival_changed result=health:100->100,satiety:90->89,energy:90->89
tick=11 subject=M02 event=survival_changed result=health:100->100,satiety:90->89,energy:95->94
tick=11 subject=M03 event=survival_changed result=health:100->100,satiety:90->89,energy:95->94
tick=11 subject=M04 event=survival_changed result=health:100->100,satiety:90->89,energy:100->99
tick=11 subject=M05 event=survival_changed result=health:100->100,satiety:90->89,energy:97->96
tick=11 subject=M06 event=survival_changed result=health:100->100,satiety:90->89,energy:91->90
tick=11 subject=M07 event=survival_changed result=health:100->100,satiety:90->89,energy:99->98
tick=11 subject=M08 event=survival_changed result=health:100->100,satiety:90->89,energy:100->99
tick=11 subject=M09 event=survival_changed result=health:100->100,satiety:90->89,energy:96->95
tick=11 subject=M10 event=survival_changed result=health:100->100,satiety:90->89,energy:96->95
tick=11 subject=M11 event=survival_changed result=health:100->100,satiety:90->89,energy:99->98
tick=11 subject=M12 event=survival_changed result=health:100->100,satiety:90->89,energy:90->89
tick=12 subject=M01 event=survival_changed result=health:100->100,satiety:89->88,energy:89->88
tick=12 subject=M02 event=survival_changed result=health:100->100,satiety:89->88,energy:94->93
tick=12 subject=M03 event=survival_changed result=health:100->100,satiety:89->88,energy:94->93
tick=12 subject=M04 event=survival_changed result=health:100->100,satiety:89->88,energy:99->98
tick=12 subject=M05 event=survival_changed result=health:100->100,satiety:89->88,energy:96->95
tick=12 subject=M06 event=survival_changed result=health:100->100,satiety:89->88,energy:90->89
tick=12 subject=M07 event=survival_changed result=health:100->100,satiety:89->88,energy:98->97
tick=12 subject=M08 event=survival_changed result=health:100->100,satiety:89->88,energy:99->98
tick=12 subject=M09 event=survival_changed result=health:100->100,satiety:89->88,energy:95->94
tick=12 subject=M10 event=survival_changed result=health:100->100,satiety:89->88,energy:100->99
tick=12 subject=M11 event=survival_changed result=health:100->100,satiety:89->88,energy:98->97
tick=12 subject=M12 event=survival_changed result=health:100->100,satiety:89->88,energy:100->99
tick=13 subject=M01 event=survival_changed result=health:100->100,satiety:88->87,energy:88->87
tick=13 subject=M02 event=survival_changed result=health:100->100,satiety:88->87,energy:93->92
tick=13 subject=M03 event=survival_changed result=health:100->100,satiety:88->87,energy:93->92
tick=13 subject=M04 event=survival_changed result=health:100->100,satiety:88->87,energy:100->99
tick=13 subject=M05 event=survival_changed result=health:100->100,satiety:88->87,energy:95->94
tick=13 subject=M06 event=survival_changed result=health:100->100,satiety:88->87,energy:89->88
tick=13 subject=M07 event=survival_changed result=health:100->100,satiety:88->87,energy:97->96
tick=13 subject=M08 event=survival_changed result=health:100->100,satiety:88->87,energy:98->97
tick=13 subject=M09 event=survival_changed result=health:100->100,satiety:88->87,energy:94->93
tick=13 subject=M10 event=survival_changed result=health:100->100,satiety:88->87,energy:100->99
tick=13 subject=M11 event=survival_changed result=health:100->100,satiety:88->87,energy:97->96
tick=13 subject=M12 event=survival_changed result=health:100->100,satiety:88->87,energy:99->98
tick=14 subject=M01 event=survival_changed result=health:100->100,satiety:87->86,energy:100->99
tick=14 subject=M02 event=survival_changed result=health:100->100,satiety:87->86,energy:92->91
tick=14 subject=M03 event=survival_changed result=health:100->100,satiety:87->86,energy:92->91
tick=14 subject=M04 event=survival_changed result=health:100->100,satiety:87->86,energy:99->98
tick=14 subject=M05 event=survival_changed result=health:100->100,satiety:87->86,energy:94->93
tick=14 subject=M06 event=survival_changed result=health:100->100,satiety:87->86,energy:88->87
tick=14 subject=M07 event=survival_changed result=health:100->100,satiety:87->86,energy:96->95
tick=14 subject=M08 event=survival_changed result=health:100->100,satiety:87->86,energy:97->96
tick=14 subject=M09 event=survival_changed result=health:100->100,satiety:87->86,energy:93->92
tick=14 subject=M10 event=survival_changed result=health:100->100,satiety:87->86,energy:99->98
tick=14 subject=M11 event=survival_changed result=health:100->100,satiety:87->86,energy:96->95
tick=14 subject=M12 event=survival_changed result=health:100->100,satiety:87->86,energy:98->97
tick=15 subject=M01 event=survival_changed result=health:100->100,satiety:86->85,energy:99->98
tick=15 subject=M02 event=survival_changed result=health:100->100,satiety:86->85,energy:91->90
tick=15 subject=M03 event=survival_changed result=health:100->100,satiety:86->85,energy:91->90
tick=15 subject=M04 event=survival_changed result=health:100->100,satiety:86->85,energy:98->97
tick=15 subject=M05 event=survival_changed result=health:100->100,satiety:86->85,energy:93->92
tick=15 subject=M06 event=survival_changed result=health:100->100,satiety:86->85,energy:87->86
tick=15 subject=M07 event=survival_changed result=health:100->100,satiety:86->85,energy:95->94
tick=15 subject=M08 event=survival_changed result=health:100->100,satiety:86->85,energy:100->99
tick=15 subject=M09 event=survival_changed result=health:100->100,satiety:86->85,energy:92->91
tick=15 subject=M10 event=survival_changed result=health:100->100,satiety:86->85,energy:98->97
tick=15 subject=M11 event=survival_changed result=health:100->100,satiety:86->85,energy:95->94
tick=15 subject=M12 event=survival_changed result=health:100->100,satiety:86->85,energy:97->96
tick=16 subject=M01 event=survival_changed result=health:100->100,satiety:85->84,energy:98->97
tick=16 subject=M02 event=survival_changed result=health:100->100,satiety:85->84,energy:90->89
tick=16 subject=M03 event=survival_changed result=health:100->100,satiety:85->84,energy:90->89
tick=16 subject=M04 event=survival_changed result=health:100->100,satiety:85->84,energy:97->96
tick=16 subject=M05 event=survival_changed result=health:100->100,satiety:85->84,energy:92->91
tick=16 subject=M06 event=survival_changed result=health:100->100,satiety:85->84,energy:86->85
tick=16 subject=M07 event=survival_changed result=health:100->100,satiety:85->84,energy:94->93
tick=16 subject=M08 event=survival_changed result=health:100->100,satiety:85->84,energy:99->98
tick=16 subject=M09 event=survival_changed result=health:100->100,satiety:85->84,energy:100->99
tick=16 subject=M10 event=survival_changed result=health:100->100,satiety:85->84,energy:97->96
tick=16 subject=M11 event=survival_changed result=health:100->100,satiety:85->84,energy:94->93
tick=16 subject=M12 event=survival_changed result=health:100->100,satiety:85->84,energy:96->95
tick=17 subject=M01 event=survival_changed result=health:100->100,satiety:84->83,energy:97->96
tick=17 subject=M02 event=survival_changed result=health:100->100,satiety:84->83,energy:89->88
tick=17 subject=M03 event=survival_changed result=health:100->100,satiety:84->83,energy:89->88
tick=17 subject=M04 event=survival_changed result=health:100->100,satiety:84->83,energy:96->95
tick=17 subject=M05 event=survival_changed result=health:100->100,satiety:84->83,energy:91->90
tick=17 subject=M06 event=survival_changed result=health:100->100,satiety:84->83,energy:100->99
tick=17 subject=M07 event=survival_changed result=health:100->100,satiety:84->83,energy:93->92
tick=17 subject=M08 event=survival_changed result=health:100->100,satiety:84->83,energy:98->97
tick=17 subject=M09 event=survival_changed result=health:100->100,satiety:84->83,energy:99->98
tick=17 subject=M10 event=survival_changed result=health:100->100,satiety:84->83,energy:96->95
tick=17 subject=M11 event=survival_changed result=health:100->100,satiety:84->83,energy:100->99
tick=17 subject=M12 event=survival_changed result=health:100->100,satiety:84->83,energy:95->94
tick=18 subject=M01 event=survival_changed result=health:100->100,satiety:83->82,energy:96->95
tick=18 subject=M02 event=survival_changed result=health:100->100,satiety:83->82,energy:88->87
tick=18 subject=M03 event=survival_changed result=health:100->100,satiety:83->82,energy:88->87
tick=18 subject=M04 event=survival_changed result=health:100->100,satiety:83->82,energy:95->94
tick=18 subject=M05 event=survival_changed result=health:100->100,satiety:83->82,energy:90->89
tick=18 subject=M06 event=survival_changed result=health:100->100,satiety:83->82,energy:99->98
tick=18 subject=M07 event=survival_changed result=health:100->100,satiety:83->82,energy:92->91
tick=18 subject=M08 event=survival_changed result=health:100->100,satiety:83->82,energy:97->96
tick=18 subject=M09 event=survival_changed result=health:100->100,satiety:83->82,energy:98->97
tick=18 subject=M10 event=survival_changed result=health:100->100,satiety:83->82,energy:95->94
tick=18 subject=M11 event=survival_changed result=health:100->100,satiety:83->82,energy:99->98
tick=18 subject=M12 event=survival_changed result=health:100->100,satiety:83->82,energy:94->93
tick=19 subject=M01 event=survival_changed result=health:100->100,satiety:82->81,energy:95->94
tick=19 subject=M02 event=survival_changed result=health:100->100,satiety:82->81,energy:87->86
tick=19 subject=M03 event=survival_changed result=health:100->100,satiety:82->81,energy:87->86
tick=19 subject=M04 event=survival_changed result=health:100->100,satiety:82->81,energy:94->93
tick=19 subject=M05 event=survival_changed result=health:100->100,satiety:82->81,energy:100->99
tick=19 subject=M06 event=survival_changed result=health:100->100,satiety:82->81,energy:98->97
tick=19 subject=M07 event=survival_changed result=health:100->100,satiety:82->81,energy:91->90
tick=19 subject=M08 event=survival_changed result=health:100->100,satiety:82->81,energy:96->95
tick=19 subject=M09 event=survival_changed result=health:100->100,satiety:82->81,energy:97->96
tick=19 subject=M10 event=survival_changed result=health:100->100,satiety:82->81,energy:94->93
tick=19 subject=M11 event=survival_changed result=health:100->100,satiety:82->81,energy:98->97
tick=19 subject=M12 event=survival_changed result=health:100->100,satiety:82->81,energy:93->92
tick=20 subject=M01 event=survival_changed result=health:100->100,satiety:81->80,energy:94->93
tick=20 subject=M02 event=survival_changed result=health:100->100,satiety:81->80,energy:100->99
tick=20 subject=M03 event=survival_changed result=health:100->100,satiety:81->80,energy:86->85
tick=20 subject=M04 event=survival_changed result=health:100->100,satiety:81->80,energy:93->92
tick=20 subject=M05 event=survival_changed result=health:100->100,satiety:81->80,energy:99->98
tick=20 subject=M06 event=survival_changed result=health:100->100,satiety:81->80,energy:97->96
tick=20 subject=M07 event=survival_changed result=health:100->100,satiety:81->80,energy:90->89
tick=20 subject=M08 event=survival_changed result=health:100->100,satiety:81->80,energy:95->94
tick=20 subject=M09 event=survival_changed result=health:100->100,satiety:81->80,energy:96->95
tick=20 subject=M10 event=survival_changed result=health:100->100,satiety:81->80,energy:93->92
tick=20 subject=M11 event=survival_changed result=health:100->100,satiety:81->80,energy:97->96
tick=20 subject=M12 event=survival_changed result=health:100->100,satiety:81->80,energy:92->91
tick=20 subject=A event=food_regeneration_skipped result=reason:capacity,count:61
tick=20 subject=B event=food_regeneration_skipped result=reason:capacity,count:61
tick=21 subject=M01 event=survival_changed result=health:100->100,satiety:80->79,energy:93->92
tick=21 subject=M02 event=survival_changed result=health:100->100,satiety:80->79,energy:99->98
tick=21 subject=M03 event=survival_changed result=health:100->100,satiety:80->79,energy:85->84
tick=21 subject=M04 event=survival_changed result=health:100->100,satiety:80->79,energy:92->91
tick=21 subject=M05 event=survival_changed result=health:100->100,satiety:80->79,energy:98->97
tick=21 subject=M06 event=survival_changed result=health:100->100,satiety:80->79,energy:96->95
tick=21 subject=M07 event=survival_changed result=health:100->100,satiety:80->79,energy:89->88
tick=21 subject=M08 event=survival_changed result=health:100->100,satiety:80->79,energy:94->93
tick=21 subject=M09 event=survival_changed result=health:100->100,satiety:80->79,energy:95->94
tick=21 subject=M10 event=survival_changed result=health:100->100,satiety:80->79,energy:92->91
tick=21 subject=M11 event=survival_changed result=health:100->100,satiety:80->79,energy:96->95
tick=21 subject=M12 event=survival_changed result=health:100->100,satiety:80->79,energy:91->90
tick=22 subject=M01 event=survival_changed result=health:100->100,satiety:79->78,energy:92->91
tick=22 subject=M02 event=survival_changed result=health:100->100,satiety:79->78,energy:98->97
tick=22 subject=M03 event=survival_changed result=health:100->100,satiety:79->78,energy:84->83
tick=22 subject=M04 event=survival_changed result=health:100->100,satiety:79->78,energy:91->90
tick=22 subject=M05 event=survival_changed result=health:100->100,satiety:79->78,energy:100->99
tick=22 subject=M06 event=survival_changed result=health:100->100,satiety:79->78,energy:95->94
tick=22 subject=M07 event=survival_changed result=health:100->100,satiety:79->78,energy:100->99
tick=22 subject=M08 event=survival_changed result=health:100->100,satiety:79->78,energy:93->92
tick=22 subject=M09 event=survival_changed result=health:100->100,satiety:79->78,energy:94->93
tick=22 subject=M10 event=survival_changed result=health:100->100,satiety:79->78,energy:91->90
tick=22 subject=M11 event=survival_changed result=health:100->100,satiety:79->78,energy:95->94
tick=22 subject=M12 event=survival_changed result=health:100->100,satiety:79->78,energy:100->99
tick=23 subject=M01 event=survival_changed result=health:100->100,satiety:78->77,energy:91->90
tick=23 subject=M02 event=survival_changed result=health:100->100,satiety:78->77,energy:97->96
tick=23 subject=M03 event=survival_changed result=health:100->100,satiety:78->77,energy:83->82
tick=23 subject=M04 event=survival_changed result=health:100->100,satiety:78->77,energy:90->89
tick=23 subject=M05 event=survival_changed result=health:100->100,satiety:78->77,energy:99->98
tick=23 subject=M06 event=survival_changed result=health:100->100,satiety:78->77,energy:94->93
tick=23 subject=M07 event=survival_changed result=health:100->100,satiety:78->77,energy:99->98
tick=23 subject=M08 event=survival_changed result=health:100->100,satiety:78->77,energy:92->91
tick=23 subject=M09 event=survival_changed result=health:100->100,satiety:78->77,energy:93->92
tick=23 subject=M10 event=survival_changed result=health:100->100,satiety:78->77,energy:90->89
tick=23 subject=M11 event=survival_changed result=health:100->100,satiety:78->77,energy:100->99
tick=23 subject=M12 event=survival_changed result=health:100->100,satiety:78->77,energy:99->98
tick=24 subject=M01 event=survival_changed result=health:100->100,satiety:77->76,energy:90->89
tick=24 subject=M02 event=survival_changed result=health:100->100,satiety:77->76,energy:96->95
tick=24 subject=M03 event=survival_changed result=health:100->100,satiety:77->76,energy:82->81
tick=24 subject=M04 event=survival_changed result=health:100->100,satiety:77->76,energy:89->88
tick=24 subject=M05 event=survival_changed result=health:100->100,satiety:77->76,energy:98->97
tick=24 subject=M06 event=survival_changed result=health:100->100,satiety:77->76,energy:93->92
tick=24 subject=M07 event=survival_changed result=health:100->100,satiety:77->76,energy:98->97
tick=24 subject=M08 event=survival_changed result=health:100->100,satiety:77->76,energy:91->90
tick=24 subject=M09 event=survival_changed result=health:100->100,satiety:77->76,energy:92->91
tick=24 subject=M10 event=survival_changed result=health:100->100,satiety:77->76,energy:100->99
tick=24 subject=M11 event=survival_changed result=health:100->100,satiety:77->76,energy:100->99
tick=24 subject=M12 event=survival_changed result=health:100->100,satiety:77->76,energy:100->99
tick=25 subject=M01 event=survival_changed result=health:100->100,satiety:76->75,energy:89->88
tick=25 subject=M02 event=survival_changed result=health:100->100,satiety:76->75,energy:95->94
tick=25 subject=M03 event=survival_changed result=health:100->100,satiety:76->75,energy:81->80
tick=25 subject=M04 event=survival_changed result=health:100->100,satiety:76->75,energy:88->87
tick=25 subject=M05 event=survival_changed result=health:100->100,satiety:76->75,energy:97->96
tick=25 subject=M06 event=survival_changed result=health:100->100,satiety:76->75,energy:92->91
tick=25 subject=M07 event=survival_changed result=health:100->100,satiety:76->75,energy:97->96
tick=25 subject=M08 event=survival_changed result=health:100->100,satiety:76->75,energy:100->99
tick=25 subject=M09 event=survival_changed result=health:100->100,satiety:76->75,energy:91->90
tick=25 subject=M10 event=survival_changed result=health:100->100,satiety:76->75,energy:99->98
tick=25 subject=M11 event=survival_changed result=health:100->100,satiety:76->75,energy:100->99
tick=25 subject=M12 event=survival_changed result=health:100->100,satiety:76->75,energy:99->98
tick=26 subject=M01 event=survival_changed result=health:100->100,satiety:75->74,energy:88->87
tick=26 subject=M02 event=survival_changed result=health:100->100,satiety:75->74,energy:94->93
tick=26 subject=M03 event=survival_changed result=health:100->100,satiety:75->74,energy:80->79
tick=26 subject=M04 event=survival_changed result=health:100->100,satiety:75->74,energy:100->99
tick=26 subject=M05 event=survival_changed result=health:100->100,satiety:75->74,energy:96->95
tick=26 subject=M06 event=survival_changed result=health:100->100,satiety:75->74,energy:100->99
tick=26 subject=M07 event=survival_changed result=health:100->100,satiety:75->74,energy:96->95
tick=26 subject=M08 event=survival_changed result=health:100->100,satiety:75->74,energy:99->98
tick=26 subject=M09 event=survival_changed result=health:100->100,satiety:75->74,energy:90->89
tick=26 subject=M10 event=survival_changed result=health:100->100,satiety:75->74,energy:98->97
tick=26 subject=M11 event=survival_changed result=health:100->100,satiety:75->74,energy:99->98
tick=26 subject=M12 event=survival_changed result=health:100->100,satiety:75->74,energy:98->97
tick=27 subject=M01 event=survival_changed result=health:100->100,satiety:74->73,energy:87->86
tick=27 subject=M02 event=survival_changed result=health:100->100,satiety:74->73,energy:93->92
tick=27 subject=M03 event=survival_changed result=health:100->100,satiety:74->73,energy:99->98
tick=27 subject=M04 event=survival_changed result=health:100->100,satiety:74->73,energy:99->98
tick=27 subject=M05 event=survival_changed result=health:100->100,satiety:74->73,energy:100->99
tick=27 subject=M06 event=survival_changed result=health:100->100,satiety:74->73,energy:99->98
tick=27 subject=M07 event=survival_changed result=health:100->100,satiety:74->73,energy:95->94
tick=27 subject=M08 event=survival_changed result=health:100->100,satiety:74->73,energy:98->97
tick=27 subject=M09 event=survival_changed result=health:100->100,satiety:74->73,energy:89->88
tick=27 subject=M10 event=survival_changed result=health:100->100,satiety:74->73,energy:97->96
tick=27 subject=M11 event=survival_changed result=health:100->100,satiety:74->73,energy:98->97
tick=27 subject=M12 event=survival_changed result=health:100->100,satiety:74->73,energy:97->96
tick=28 subject=M01 event=survival_changed result=health:100->100,satiety:73->72,energy:86->85
tick=28 subject=M02 event=survival_changed result=health:100->100,satiety:73->72,energy:92->91
tick=28 subject=M03 event=survival_changed result=health:100->100,satiety:73->72,energy:98->97
tick=28 subject=M04 event=survival_changed result=health:100->100,satiety:73->72,energy:98->97
tick=28 subject=M05 event=survival_changed result=health:100->100,satiety:73->72,energy:99->98
tick=28 subject=M06 event=survival_changed result=health:100->100,satiety:73->72,energy:98->97
tick=28 subject=M07 event=survival_changed result=health:100->100,satiety:73->72,energy:94->93
tick=28 subject=M08 event=survival_changed result=health:100->100,satiety:73->72,energy:97->96
tick=28 subject=M09 event=survival_changed result=health:100->100,satiety:73->72,energy:88->87
tick=28 subject=M10 event=survival_changed result=health:100->100,satiety:73->72,energy:96->95
tick=28 subject=M11 event=survival_changed result=health:100->100,satiety:73->72,energy:97->96
tick=28 subject=M12 event=survival_changed result=health:100->100,satiety:73->72,energy:96->95
tick=29 subject=M01 event=survival_changed result=health:100->100,satiety:72->71,energy:85->84
tick=29 subject=M02 event=survival_changed result=health:100->100,satiety:72->71,energy:91->90
tick=29 subject=M03 event=survival_changed result=health:100->100,satiety:72->71,energy:97->96
tick=29 subject=M04 event=survival_changed result=health:100->100,satiety:72->71,energy:97->96
tick=29 subject=M05 event=survival_changed result=health:100->100,satiety:72->71,energy:100->99
tick=29 subject=M06 event=survival_changed result=health:100->100,satiety:72->71,energy:97->96
tick=29 subject=M07 event=survival_changed result=health:100->100,satiety:72->71,energy:93->92
tick=29 subject=M08 event=survival_changed result=health:100->100,satiety:72->71,energy:96->95
tick=29 subject=M09 event=survival_changed result=health:100->100,satiety:72->71,energy:100->99
tick=29 subject=M10 event=survival_changed result=health:100->100,satiety:72->71,energy:95->94
tick=29 subject=M11 event=survival_changed result=health:100->100,satiety:72->71,energy:96->95
tick=29 subject=M12 event=survival_changed result=health:100->100,satiety:72->71,energy:95->94
tick=30 subject=M01 event=survival_changed result=health:100->100,satiety:71->70,energy:84->83
tick=30 subject=M02 event=survival_changed result=health:100->100,satiety:71->70,energy:90->89
tick=30 subject=M03 event=survival_changed result=health:100->100,satiety:71->70,energy:96->95
tick=30 subject=M04 event=survival_changed result=health:100->100,satiety:71->70,energy:96->95
tick=30 subject=M05 event=survival_changed result=health:100->100,satiety:71->70,energy:99->98
tick=30 subject=M06 event=survival_changed result=health:100->100,satiety:71->70,energy:96->95
tick=30 subject=M07 event=survival_changed result=health:100->100,satiety:71->70,energy:92->91
tick=30 subject=M08 event=survival_changed result=health:100->100,satiety:71->70,energy:95->94
tick=30 subject=M09 event=survival_changed result=health:100->100,satiety:71->70,energy:99->98
tick=30 subject=M10 event=survival_changed result=health:100->100,satiety:71->70,energy:94->93
tick=30 subject=M11 event=survival_changed result=health:100->100,satiety:71->70,energy:95->94
tick=30 subject=M12 event=survival_changed result=health:100->100,satiety:71->70,energy:94->93
tick=30 subject=A event=food_regeneration_skipped result=reason:capacity,count:61
tick=30 subject=B event=food_regeneration_skipped result=reason:capacity,count:61
tick=31 subject=M01 event=survival_changed result=health:100->100,satiety:70->69,energy:83->82
tick=31 subject=M02 event=survival_changed result=health:100->100,satiety:70->69,energy:100->99
tick=31 subject=M03 event=survival_changed result=health:100->100,satiety:70->69,energy:95->94
tick=31 subject=M04 event=survival_changed result=health:100->100,satiety:70->69,energy:95->94
tick=31 subject=M05 event=survival_changed result=health:100->100,satiety:70->69,energy:98->97
tick=31 subject=M06 event=survival_changed result=health:100->100,satiety:70->69,energy:95->94
tick=31 subject=M07 event=survival_changed result=health:100->100,satiety:70->69,energy:91->90
tick=31 subject=M08 event=survival_changed result=health:100->100,satiety:70->69,energy:94->93
tick=31 subject=M09 event=survival_changed result=health:100->100,satiety:70->69,energy:98->97
tick=31 subject=M10 event=survival_changed result=health:100->100,satiety:70->69,energy:93->92
tick=31 subject=M11 event=survival_changed result=health:100->100,satiety:70->69,energy:94->93
tick=31 subject=M12 event=survival_changed result=health:100->100,satiety:70->69,energy:93->92
tick=32 subject=M01 event=survival_changed result=health:100->100,satiety:69->68,energy:82->81
tick=32 subject=M02 event=survival_changed result=health:100->100,satiety:69->68,energy:99->98
tick=32 subject=M03 event=survival_changed result=health:100->100,satiety:69->68,energy:94->93
tick=32 subject=M04 event=survival_changed result=health:100->100,satiety:69->68,energy:94->93
tick=32 subject=M05 event=survival_changed result=health:100->100,satiety:69->68,energy:97->96
tick=32 subject=M06 event=survival_changed result=health:100->100,satiety:69->68,energy:94->93
tick=32 subject=M07 event=survival_changed result=health:100->100,satiety:69->68,energy:90->89
tick=32 subject=M08 event=survival_changed result=health:100->100,satiety:69->68,energy:100->99
tick=32 subject=M09 event=survival_changed result=health:100->100,satiety:69->68,energy:97->96
tick=32 subject=M10 event=survival_changed result=health:100->100,satiety:69->68,energy:92->91
tick=32 subject=M11 event=survival_changed result=health:100->100,satiety:69->68,energy:93->92
tick=32 subject=M12 event=survival_changed result=health:100->100,satiety:69->68,energy:92->91
tick=33 subject=M01 event=survival_changed result=health:100->100,satiety:68->67,energy:81->80
tick=33 subject=M02 event=survival_changed result=health:100->100,satiety:68->67,energy:98->97
tick=33 subject=M03 event=survival_changed result=health:100->100,satiety:68->67,energy:93->92
tick=33 subject=M04 event=survival_changed result=health:100->100,satiety:68->67,energy:93->92
tick=33 subject=M05 event=survival_changed result=health:100->100,satiety:68->67,energy:96->95
tick=33 subject=M06 event=survival_changed result=health:100->100,satiety:68->67,energy:93->92
tick=33 subject=M07 event=survival_changed result=health:100->100,satiety:68->67,energy:89->88
tick=33 subject=M08 event=survival_changed result=health:100->100,satiety:68->67,energy:99->98
tick=33 subject=M09 event=survival_changed result=health:100->100,satiety:68->67,energy:96->95
tick=33 subject=M10 event=survival_changed result=health:100->100,satiety:68->67,energy:91->90
tick=33 subject=M11 event=survival_changed result=health:100->100,satiety:68->67,energy:92->91
tick=33 subject=M12 event=survival_changed result=health:100->100,satiety:68->67,energy:91->90
tick=34 subject=M01 event=survival_changed result=health:100->100,satiety:67->66,energy:80->79
tick=34 subject=M02 event=survival_changed result=health:100->100,satiety:67->66,energy:97->96
tick=34 subject=M03 event=survival_changed result=health:100->100,satiety:67->66,energy:92->91
tick=34 subject=M04 event=survival_changed result=health:100->100,satiety:67->66,energy:92->91
tick=34 subject=M05 event=survival_changed result=health:100->100,satiety:67->66,energy:95->94
tick=34 subject=M06 event=survival_changed result=health:100->100,satiety:67->66,energy:92->91
tick=34 subject=M07 event=survival_changed result=health:100->100,satiety:67->66,energy:88->87
tick=34 subject=M08 event=survival_changed result=health:100->100,satiety:67->66,energy:98->97
tick=34 subject=M09 event=survival_changed result=health:100->100,satiety:67->66,energy:100->99
tick=34 subject=M10 event=survival_changed result=health:100->100,satiety:67->66,energy:100->99
tick=34 subject=M11 event=survival_changed result=health:100->100,satiety:67->66,energy:91->90
tick=34 subject=M12 event=survival_changed result=health:100->100,satiety:67->66,energy:100->99
tick=35 subject=M01 event=survival_changed result=health:100->100,satiety:66->65,energy:79->78
tick=35 subject=M02 event=survival_changed result=health:100->100,satiety:66->65,energy:96->95
tick=35 subject=M03 event=survival_changed result=health:100->100,satiety:66->65,energy:91->90
tick=35 subject=M04 event=survival_changed result=health:100->100,satiety:66->65,energy:91->90
tick=35 subject=M05 event=survival_changed result=health:100->100,satiety:66->65,energy:100->99
tick=35 subject=M06 event=survival_changed result=health:100->100,satiety:66->65,energy:91->90
tick=35 subject=M07 event=survival_changed result=health:100->100,satiety:66->65,energy:87->86
tick=35 subject=M08 event=survival_changed result=health:100->100,satiety:66->65,energy:97->96
tick=35 subject=M09 event=survival_changed result=health:100->100,satiety:66->65,energy:100->99
tick=35 subject=M10 event=survival_changed result=health:100->100,satiety:66->65,energy:100->99
tick=35 subject=M11 event=survival_changed result=health:100->100,satiety:66->65,energy:90->89
tick=35 subject=M12 event=survival_changed result=health:100->100,satiety:66->65,energy:99->98
tick=36 subject=M01 event=survival_changed result=health:100->100,satiety:65->64,energy:78->77
tick=36 subject=M02 event=survival_changed result=health:100->100,satiety:65->64,energy:95->94
tick=36 subject=M03 event=survival_changed result=health:100->100,satiety:65->64,energy:90->89
tick=36 subject=M04 event=survival_changed result=health:100->100,satiety:65->64,energy:100->99
tick=36 subject=M05 event=survival_changed result=health:100->100,satiety:65->64,energy:99->98
tick=36 subject=M06 event=survival_changed result=health:100->100,satiety:65->64,energy:90->89
tick=36 subject=M07 event=survival_changed result=health:100->100,satiety:65->64,energy:100->99
tick=36 subject=M08 event=survival_changed result=health:100->100,satiety:65->64,energy:96->95
tick=36 subject=M09 event=survival_changed result=health:100->100,satiety:65->64,energy:99->98
tick=36 subject=M10 event=survival_changed result=health:100->100,satiety:65->64,energy:99->98
tick=36 subject=M11 event=survival_changed result=health:100->100,satiety:65->64,energy:89->88
tick=36 subject=M12 event=survival_changed result=health:100->100,satiety:65->64,energy:98->97
tick=37 subject=M01 event=survival_changed result=health:100->100,satiety:64->63,energy:77->76
tick=37 subject=M02 event=survival_changed result=health:100->100,satiety:64->63,energy:94->93
tick=37 subject=M03 event=survival_changed result=health:100->100,satiety:64->63,energy:89->88
tick=37 subject=M04 event=survival_changed result=health:100->100,satiety:64->63,energy:99->98
tick=37 subject=M05 event=survival_changed result=health:100->100,satiety:64->63,energy:98->97
tick=37 subject=M06 event=survival_changed result=health:100->100,satiety:64->63,energy:100->99
tick=37 subject=M07 event=survival_changed result=health:100->100,satiety:64->63,energy:99->98
tick=37 subject=M08 event=survival_changed result=health:100->100,satiety:64->63,energy:95->94
tick=37 subject=M09 event=survival_changed result=health:100->100,satiety:64->63,energy:100->99
tick=37 subject=M10 event=survival_changed result=health:100->100,satiety:64->63,energy:98->97
tick=37 subject=M11 event=survival_changed result=health:100->100,satiety:64->63,energy:100->99
tick=37 subject=M12 event=survival_changed result=health:100->100,satiety:64->63,energy:97->96
tick=38 subject=M01 event=survival_changed result=health:100->100,satiety:63->62,energy:76->75
tick=38 subject=M02 event=survival_changed result=health:100->100,satiety:63->62,energy:93->92
tick=38 subject=M03 event=survival_changed result=health:100->100,satiety:63->62,energy:88->87
tick=38 subject=M04 event=survival_changed result=health:100->100,satiety:63->62,energy:98->97
tick=38 subject=M05 event=survival_changed result=health:100->100,satiety:63->62,energy:97->96
tick=38 subject=M06 event=survival_changed result=health:100->100,satiety:63->62,energy:99->98
tick=38 subject=M07 event=survival_changed result=health:100->100,satiety:63->62,energy:98->97
tick=38 subject=M08 event=survival_changed result=health:100->100,satiety:63->62,energy:94->93
tick=38 subject=M09 event=survival_changed result=health:100->100,satiety:63->62,energy:99->98
tick=38 subject=M10 event=survival_changed result=health:100->100,satiety:63->62,energy:97->96
tick=38 subject=M11 event=survival_changed result=health:100->100,satiety:63->62,energy:99->98
tick=38 subject=M12 event=survival_changed result=health:100->100,satiety:63->62,energy:96->95
tick=39 subject=M01 event=survival_changed result=health:100->100,satiety:62->61,energy:75->74
tick=39 subject=M02 event=survival_changed result=health:100->100,satiety:62->61,energy:92->91
tick=39 subject=M03 event=survival_changed result=health:100->100,satiety:62->61,energy:87->86
tick=39 subject=M04 event=survival_changed result=health:100->100,satiety:62->61,energy:97->96
tick=39 subject=M05 event=survival_changed result=health:100->100,satiety:62->61,energy:96->95
tick=39 subject=M06 event=survival_changed result=health:100->100,satiety:62->61,energy:98->97
tick=39 subject=M07 event=survival_changed result=health:100->100,satiety:62->61,energy:97->96
tick=39 subject=M08 event=survival_changed result=health:100->100,satiety:62->61,energy:93->92
tick=39 subject=M09 event=survival_changed result=health:100->100,satiety:62->61,energy:100->99
tick=39 subject=M10 event=survival_changed result=health:100->100,satiety:62->61,energy:96->95
tick=39 subject=M11 event=survival_changed result=health:100->100,satiety:62->61,energy:98->97
tick=39 subject=M12 event=survival_changed result=health:100->100,satiety:62->61,energy:95->94
tick=40 subject=M01 event=survival_changed result=health:100->100,satiety:61->60,energy:74->73
tick=40 subject=M02 event=survival_changed result=health:100->100,satiety:61->60,energy:91->90
tick=40 subject=M03 event=survival_changed result=health:100->100,satiety:61->60,energy:86->85
tick=40 subject=M04 event=survival_changed result=health:100->100,satiety:61->60,energy:96->95
tick=40 subject=M05 event=survival_changed result=health:100->100,satiety:61->60,energy:95->94
tick=40 subject=M06 event=survival_changed result=health:100->100,satiety:61->60,energy:97->96
tick=40 subject=M07 event=survival_changed result=health:100->100,satiety:61->60,energy:96->95
tick=40 subject=M08 event=survival_changed result=health:100->100,satiety:61->60,energy:100->99
tick=40 subject=M09 event=survival_changed result=health:100->100,satiety:61->60,energy:100->99
tick=40 subject=M10 event=survival_changed result=health:100->100,satiety:61->60,energy:95->94
tick=40 subject=M11 event=survival_changed result=health:100->100,satiety:61->60,energy:97->96
tick=40 subject=M12 event=survival_changed result=health:100->100,satiety:61->60,energy:94->93
tick=40 subject=A event=food_regeneration_skipped result=reason:capacity,count:61
tick=40 subject=B event=food_regeneration_skipped result=reason:capacity,count:61
tick=41 subject=M01 event=survival_changed result=health:100->100,satiety:60->59,energy:73->72
tick=41 subject=M02 event=survival_changed result=health:100->100,satiety:60->59,energy:90->89
tick=41 subject=M03 event=survival_changed result=health:100->100,satiety:60->59,energy:100->99
tick=41 subject=M04 event=survival_changed result=health:100->100,satiety:60->59,energy:95->94
tick=41 subject=M05 event=survival_changed result=health:100->100,satiety:60->59,energy:94->93
tick=41 subject=M06 event=survival_changed result=health:100->100,satiety:60->59,energy:100->99
tick=41 subject=M07 event=survival_changed result=health:100->100,satiety:60->59,energy:95->94
tick=41 subject=M08 event=survival_changed result=health:100->100,satiety:60->59,energy:99->98
tick=41 subject=M09 event=survival_changed result=health:100->100,satiety:60->59,energy:99->98
tick=41 subject=M10 event=survival_changed result=health:100->100,satiety:60->59,energy:94->93
tick=41 subject=M11 event=survival_changed result=health:100->100,satiety:60->59,energy:100->99
tick=41 subject=M12 event=survival_changed result=health:100->100,satiety:60->59,energy:93->92
tick=42 subject=M01 event=survival_changed result=health:100->100,satiety:59->58,energy:72->71
tick=42 subject=M02 event=survival_changed result=health:100->100,satiety:59->58,energy:89->88
tick=42 subject=M03 event=survival_changed result=health:100->100,satiety:59->58,energy:99->98
tick=42 subject=M04 event=survival_changed result=health:100->100,satiety:59->58,energy:94->93
tick=42 subject=M05 event=survival_changed result=health:100->100,satiety:59->58,energy:100->99
tick=42 subject=M06 event=survival_changed result=health:100->100,satiety:59->58,energy:99->98
tick=42 subject=M07 event=survival_changed result=health:100->100,satiety:59->58,energy:94->93
tick=42 subject=M08 event=survival_changed result=health:100->100,satiety:59->58,energy:98->97
tick=42 subject=M09 event=survival_changed result=health:100->100,satiety:59->58,energy:98->97
tick=42 subject=M10 event=survival_changed result=health:100->100,satiety:59->58,energy:100->99
tick=42 subject=M11 event=survival_changed result=health:100->100,satiety:59->58,energy:99->98
tick=42 subject=M12 event=survival_changed result=health:100->100,satiety:59->58,energy:92->91
tick=43 subject=M01 event=survival_changed result=health:100->100,satiety:58->57,energy:71->70
tick=43 subject=M02 event=survival_changed result=health:100->100,satiety:58->57,energy:88->87
tick=43 subject=M03 event=survival_changed result=health:100->100,satiety:58->57,energy:98->97
tick=43 subject=M04 event=survival_changed result=health:100->100,satiety:58->57,energy:93->92
tick=43 subject=M05 event=survival_changed result=health:100->100,satiety:58->57,energy:99->98
tick=43 subject=M06 event=survival_changed result=health:100->100,satiety:58->57,energy:98->97
tick=43 subject=M07 event=survival_changed result=health:100->100,satiety:58->57,energy:93->92
tick=43 subject=M08 event=survival_changed result=health:100->100,satiety:58->57,energy:100->99
tick=43 subject=M09 event=survival_changed result=health:100->100,satiety:58->57,energy:97->96
tick=43 subject=M10 event=survival_changed result=health:100->100,satiety:58->57,energy:99->98
tick=43 subject=M11 event=survival_changed result=health:100->100,satiety:58->57,energy:98->97
tick=43 subject=M12 event=survival_changed result=health:100->100,satiety:58->57,energy:91->90
tick=44 subject=M01 event=survival_changed result=health:100->100,satiety:57->56,energy:70->69
tick=44 subject=M02 event=survival_changed result=health:100->100,satiety:57->56,energy:87->86
tick=44 subject=M03 event=survival_changed result=health:100->100,satiety:57->56,energy:100->99
tick=44 subject=M04 event=survival_changed result=health:100->100,satiety:57->56,energy:92->91
tick=44 subject=M05 event=survival_changed result=health:100->100,satiety:57->56,energy:98->97
tick=44 subject=M06 event=survival_changed result=health:100->100,satiety:57->56,energy:97->96
tick=44 subject=M07 event=survival_changed result=health:100->100,satiety:57->56,energy:92->91
tick=44 subject=M08 event=survival_changed result=health:100->100,satiety:57->56,energy:100->99
tick=44 subject=M09 event=survival_changed result=health:100->100,satiety:57->56,energy:96->95
tick=44 subject=M10 event=survival_changed result=health:100->100,satiety:57->56,energy:98->97
tick=44 subject=M11 event=survival_changed result=health:100->100,satiety:57->56,energy:97->96
tick=44 subject=M12 event=survival_changed result=health:100->100,satiety:57->56,energy:90->89
tick=45 subject=M01 event=survival_changed result=health:100->100,satiety:56->55,energy:69->68
tick=45 subject=M02 event=survival_changed result=health:100->100,satiety:56->55,energy:86->85
tick=45 subject=M03 event=survival_changed result=health:100->100,satiety:56->55,energy:99->98
tick=45 subject=M04 event=survival_changed result=health:100->100,satiety:56->55,energy:91->90
tick=45 subject=M05 event=survival_changed result=health:100->100,satiety:56->55,energy:97->96
tick=45 subject=M06 event=survival_changed result=health:100->100,satiety:56->55,energy:96->95
tick=45 subject=M07 event=survival_changed result=health:100->100,satiety:56->55,energy:91->90
tick=45 subject=M08 event=survival_changed result=health:100->100,satiety:56->55,energy:99->98
tick=45 subject=M09 event=survival_changed result=health:100->100,satiety:56->55,energy:95->94
tick=45 subject=M10 event=survival_changed result=health:100->100,satiety:56->55,energy:97->96
tick=45 subject=M11 event=survival_changed result=health:100->100,satiety:56->55,energy:96->95
tick=45 subject=M12 event=survival_changed result=health:100->100,satiety:56->55,energy:89->88
tick=46 subject=M01 event=survival_changed result=health:100->100,satiety:55->54,energy:68->67
tick=46 subject=M02 event=survival_changed result=health:100->100,satiety:55->54,energy:85->84
tick=46 subject=M03 event=survival_changed result=health:100->100,satiety:55->54,energy:98->97
tick=46 subject=M04 event=survival_changed result=health:100->100,satiety:55->54,energy:90->89
tick=46 subject=M05 event=survival_changed result=health:100->100,satiety:55->54,energy:96->95
tick=46 subject=M06 event=survival_changed result=health:100->100,satiety:55->54,energy:100->99
tick=46 subject=M07 event=survival_changed result=health:100->100,satiety:55->54,energy:90->89
tick=46 subject=M08 event=survival_changed result=health:100->100,satiety:55->54,energy:98->97
tick=46 subject=M09 event=survival_changed result=health:100->100,satiety:55->54,energy:100->99
tick=46 subject=M10 event=survival_changed result=health:100->100,satiety:55->54,energy:96->95
tick=46 subject=M11 event=survival_changed result=health:100->100,satiety:55->54,energy:95->94
tick=46 subject=M12 event=survival_changed result=health:100->100,satiety:55->54,energy:88->87
tick=47 subject=M01 event=survival_changed result=health:100->100,satiety:54->53,energy:67->66
tick=47 subject=M02 event=survival_changed result=health:100->100,satiety:54->53,energy:84->83
tick=47 subject=M03 event=survival_changed result=health:100->100,satiety:54->53,energy:97->96
tick=47 subject=M04 event=survival_changed result=health:100->100,satiety:54->53,energy:89->88
tick=47 subject=M05 event=survival_changed result=health:100->100,satiety:54->53,energy:95->94
tick=47 subject=M06 event=survival_changed result=health:100->100,satiety:54->53,energy:99->98
tick=47 subject=M07 event=survival_changed result=health:100->100,satiety:54->53,energy:89->88
tick=47 subject=M08 event=survival_changed result=health:100->100,satiety:54->53,energy:97->96
tick=47 subject=M09 event=survival_changed result=health:100->100,satiety:54->53,energy:99->98
tick=47 subject=M10 event=survival_changed result=health:100->100,satiety:54->53,energy:100->99
tick=47 subject=M11 event=survival_changed result=health:100->100,satiety:54->53,energy:100->99
tick=47 subject=M12 event=survival_changed result=health:100->100,satiety:54->53,energy:100->99
tick=48 subject=M01 event=survival_changed result=health:100->100,satiety:53->52,energy:66->65
tick=48 subject=M02 event=survival_changed result=health:100->100,satiety:53->52,energy:100->99
tick=48 subject=M03 event=survival_changed result=health:100->100,satiety:53->52,energy:96->95
tick=48 subject=M04 event=survival_changed result=health:100->100,satiety:53->52,energy:88->87
tick=48 subject=M05 event=survival_changed result=health:100->100,satiety:53->52,energy:94->93
tick=48 subject=M06 event=survival_changed result=health:100->100,satiety:53->52,energy:98->97
tick=48 subject=M07 event=survival_changed result=health:100->100,satiety:53->52,energy:88->87
tick=48 subject=M08 event=survival_changed result=health:100->100,satiety:53->52,energy:96->95
tick=48 subject=M09 event=survival_changed result=health:100->100,satiety:53->52,energy:98->97
tick=48 subject=M10 event=survival_changed result=health:100->100,satiety:53->52,energy:99->98
tick=48 subject=M11 event=survival_changed result=health:100->100,satiety:53->52,energy:99->98
tick=48 subject=M12 event=survival_changed result=health:100->100,satiety:53->52,energy:99->98
tick=49 subject=M01 event=survival_changed result=health:100->100,satiety:52->51,energy:65->64
tick=49 subject=M02 event=survival_changed result=health:100->100,satiety:52->51,energy:99->98
tick=49 subject=M03 event=survival_changed result=health:100->100,satiety:52->51,energy:95->94
tick=49 subject=M04 event=survival_changed result=health:100->100,satiety:52->51,energy:87->86
tick=49 subject=M05 event=survival_changed result=health:100->100,satiety:52->51,energy:100->99
tick=49 subject=M06 event=survival_changed result=health:100->100,satiety:52->51,energy:97->96
tick=49 subject=M07 event=survival_changed result=health:100->100,satiety:52->51,energy:87->86
tick=49 subject=M08 event=survival_changed result=health:100->100,satiety:52->51,energy:95->94
tick=49 subject=M09 event=survival_changed result=health:100->100,satiety:52->51,energy:97->96
tick=49 subject=M10 event=survival_changed result=health:100->100,satiety:52->51,energy:98->97
tick=49 subject=M11 event=survival_changed result=health:100->100,satiety:52->51,energy:98->97
tick=49 subject=M12 event=survival_changed result=health:100->100,satiety:52->51,energy:100->99
tick=50 subject=M01 event=survival_changed result=health:100->100,satiety:51->50,energy:64->63
tick=50 subject=M02 event=survival_changed result=health:100->100,satiety:51->50,energy:100->99
tick=50 subject=M03 event=survival_changed result=health:100->100,satiety:51->50,energy:94->93
tick=50 subject=M04 event=survival_changed result=health:100->100,satiety:51->50,energy:86->85
tick=50 subject=M05 event=survival_changed result=health:100->100,satiety:51->50,energy:99->98
tick=50 subject=M06 event=survival_changed result=health:100->100,satiety:51->50,energy:96->95
tick=50 subject=M07 event=survival_changed result=health:100->100,satiety:51->50,energy:100->99
tick=50 subject=M08 event=survival_changed result=health:100->100,satiety:51->50,energy:100->99
tick=50 subject=M09 event=survival_changed result=health:100->100,satiety:51->50,energy:100->99
tick=50 subject=M10 event=survival_changed result=health:100->100,satiety:51->50,energy:97->96
tick=50 subject=M11 event=survival_changed result=health:100->100,satiety:51->50,energy:97->96
tick=50 subject=M12 event=survival_changed result=health:100->100,satiety:51->50,energy:99->98
tick=50 subject=A event=food_regeneration_skipped result=reason:capacity,count:61
tick=50 subject=B event=food_regeneration_skipped result=reason:capacity,count:61
tick=51 subject=M01 event=survival_changed result=health:100->100,satiety:50->49,energy:83->82
tick=51 subject=M02 event=survival_changed result=health:100->100,satiety:50->49,energy:100->99
tick=51 subject=M03 event=survival_changed result=health:100->100,satiety:50->49,energy:93->92
tick=51 subject=M04 event=survival_changed result=health:100->100,satiety:50->49,energy:85->84
tick=51 subject=M05 event=survival_changed result=health:100->100,satiety:50->49,energy:98->97
tick=51 subject=M06 event=survival_changed result=health:100->100,satiety:50->49,energy:95->94
tick=51 subject=M07 event=survival_changed result=health:100->100,satiety:50->49,energy:100->99
tick=51 subject=M08 event=survival_changed result=health:100->100,satiety:50->49,energy:99->98
tick=51 subject=M09 event=survival_changed result=health:100->100,satiety:50->49,energy:99->98
tick=51 subject=M10 event=survival_changed result=health:100->100,satiety:50->49,energy:96->95
tick=51 subject=M11 event=survival_changed result=health:100->100,satiety:50->49,energy:96->95
tick=51 subject=M12 event=survival_changed result=health:100->100,satiety:50->49,energy:98->97
tick=52 subject=M01 event=survival_changed result=health:100->100,satiety:49->48,energy:82->81
tick=52 subject=M02 event=survival_changed result=health:100->100,satiety:49->48,energy:99->98
tick=52 subject=M03 event=survival_changed result=health:100->100,satiety:49->48,energy:100->99
tick=52 subject=M04 event=survival_changed result=health:100->100,satiety:49->48,energy:84->83
tick=52 subject=M05 event=survival_changed result=health:100->100,satiety:49->48,energy:97->96
tick=52 subject=M06 event=survival_changed result=health:100->100,satiety:49->48,energy:94->93
tick=52 subject=M07 event=survival_changed result=health:100->100,satiety:49->48,energy:99->98
tick=52 subject=M08 event=survival_changed result=health:100->100,satiety:49->48,energy:98->97
tick=52 subject=M09 event=survival_changed result=health:100->100,satiety:49->48,energy:98->97
tick=52 subject=M10 event=survival_changed result=health:100->100,satiety:49->48,energy:95->94
tick=52 subject=M11 event=survival_changed result=health:100->100,satiety:49->48,energy:100->99
tick=52 subject=M12 event=survival_changed result=health:100->100,satiety:49->48,energy:97->96
tick=53 subject=M01 event=survival_changed result=health:100->100,satiety:48->47,energy:81->80
tick=53 subject=M02 event=survival_changed result=health:100->100,satiety:48->47,energy:98->97
tick=53 subject=M03 event=survival_changed result=health:100->100,satiety:48->47,energy:99->98
tick=53 subject=M04 event=survival_changed result=health:100->100,satiety:48->47,energy:83->82
tick=53 subject=M05 event=survival_changed result=health:100->100,satiety:48->47,energy:96->95
tick=53 subject=M06 event=survival_changed result=health:100->100,satiety:48->47,energy:93->92
tick=53 subject=M07 event=survival_changed result=health:100->100,satiety:48->47,energy:100->99
tick=53 subject=M08 event=survival_changed result=health:100->100,satiety:48->47,energy:100->99
tick=53 subject=M09 event=survival_changed result=health:100->100,satiety:48->47,energy:97->96
tick=53 subject=M10 event=survival_changed result=health:100->100,satiety:48->47,energy:94->93
tick=53 subject=M11 event=survival_changed result=health:100->100,satiety:48->47,energy:99->98
tick=53 subject=M12 event=survival_changed result=health:100->100,satiety:48->47,energy:100->99
tick=54 subject=M01 event=survival_changed result=health:100->100,satiety:47->46,energy:80->79
tick=54 subject=M02 event=survival_changed result=health:100->100,satiety:47->46,energy:97->96
tick=54 subject=M03 event=survival_changed result=health:100->100,satiety:47->46,energy:98->97
tick=54 subject=M04 event=survival_changed result=health:100->100,satiety:47->46,energy:82->81
tick=54 subject=M05 event=survival_changed result=health:100->100,satiety:47->46,energy:95->94
tick=54 subject=M06 event=survival_changed result=health:100->100,satiety:47->46,energy:92->91
tick=54 subject=M07 event=survival_changed result=health:100->100,satiety:47->46,energy:99->98
tick=54 subject=M08 event=survival_changed result=health:100->100,satiety:47->46,energy:99->98
tick=54 subject=M09 event=survival_changed result=health:100->100,satiety:47->46,energy:96->95
tick=54 subject=M10 event=survival_changed result=health:100->100,satiety:47->46,energy:93->92
tick=54 subject=M11 event=survival_changed result=health:100->100,satiety:47->46,energy:98->97
tick=54 subject=M12 event=survival_changed result=health:100->100,satiety:47->46,energy:99->98
tick=55 subject=M01 event=survival_changed result=health:100->100,satiety:46->45,energy:79->78
tick=55 subject=M02 event=survival_changed result=health:100->100,satiety:46->45,energy:96->95
tick=55 subject=M03 event=survival_changed result=health:100->100,satiety:46->45,energy:97->96
tick=55 subject=M04 event=survival_changed result=health:100->100,satiety:46->45,energy:81->80
tick=55 subject=M05 event=survival_changed result=health:100->100,satiety:46->45,energy:94->93
tick=55 subject=M06 event=survival_changed result=health:100->100,satiety:46->45,energy:100->99
tick=55 subject=M07 event=survival_changed result=health:100->100,satiety:46->45,energy:98->97
tick=55 subject=M08 event=survival_changed result=health:100->100,satiety:46->45,energy:98->97
tick=55 subject=M09 event=survival_changed result=health:100->100,satiety:46->45,energy:95->94
tick=55 subject=M10 event=survival_changed result=health:100->100,satiety:46->45,energy:92->91
tick=55 subject=M11 event=survival_changed result=health:100->100,satiety:46->45,energy:97->96
tick=55 subject=M12 event=survival_changed result=health:100->100,satiety:46->45,energy:98->97
tick=56 subject=M01 event=survival_changed result=health:100->100,satiety:45->44,energy:78->77
tick=56 subject=M02 event=survival_changed result=health:100->100,satiety:45->44,energy:95->94
tick=56 subject=M03 event=survival_changed result=health:100->100,satiety:45->44,energy:96->95
tick=56 subject=M04 event=survival_changed result=health:100->100,satiety:45->44,energy:80->79
tick=56 subject=M05 event=survival_changed result=health:100->100,satiety:45->44,energy:93->92
tick=56 subject=M06 event=survival_changed result=health:100->100,satiety:45->44,energy:99->98
tick=56 subject=M07 event=survival_changed result=health:100->100,satiety:45->44,energy:97->96
tick=56 subject=M08 event=survival_changed result=health:100->100,satiety:45->44,energy:97->96
tick=56 subject=M09 event=survival_changed result=health:100->100,satiety:45->44,energy:94->93
tick=56 subject=M10 event=survival_changed result=health:100->100,satiety:45->44,energy:91->90
tick=56 subject=M11 event=survival_changed result=health:100->100,satiety:45->44,energy:100->99
tick=56 subject=M12 event=survival_changed result=health:100->100,satiety:45->44,energy:97->96
tick=57 subject=M01 event=survival_changed result=health:100->100,satiety:44->43,energy:77->76
tick=57 subject=M02 event=survival_changed result=health:100->100,satiety:44->43,energy:94->93
tick=57 subject=M03 event=survival_changed result=health:100->100,satiety:44->43,energy:95->94
tick=57 subject=M04 event=survival_changed result=health:100->100,satiety:44->43,energy:99->98
tick=57 subject=M05 event=survival_changed result=health:100->100,satiety:44->43,energy:92->91
tick=57 subject=M06 event=survival_changed result=health:100->100,satiety:44->43,energy:98->97
tick=57 subject=M07 event=survival_changed result=health:100->100,satiety:44->43,energy:96->95
tick=57 subject=M08 event=survival_changed result=health:100->100,satiety:44->43,energy:100->99
tick=57 subject=M09 event=survival_changed result=health:100->100,satiety:44->43,energy:93->92
tick=57 subject=M10 event=survival_changed result=health:100->100,satiety:44->43,energy:90->89
tick=57 subject=M11 event=survival_changed result=health:100->100,satiety:44->43,energy:99->98
tick=57 subject=M12 event=survival_changed result=health:100->100,satiety:44->43,energy:96->95
tick=58 subject=M01 event=survival_changed result=health:100->100,satiety:43->42,energy:76->75
tick=58 subject=M02 event=survival_changed result=health:100->100,satiety:43->42,energy:93->92
tick=58 subject=M03 event=survival_changed result=health:100->100,satiety:43->42,energy:94->93
tick=58 subject=M04 event=survival_changed result=health:100->100,satiety:43->42,energy:98->97
tick=58 subject=M05 event=survival_changed result=health:100->100,satiety:43->42,energy:91->90
tick=58 subject=M06 event=survival_changed result=health:100->100,satiety:43->42,energy:97->96
tick=58 subject=M07 event=survival_changed result=health:100->100,satiety:43->42,energy:95->94
tick=58 subject=M08 event=survival_changed result=health:100->100,satiety:43->42,energy:99->98
tick=58 subject=M09 event=survival_changed result=health:100->100,satiety:43->42,energy:92->91
tick=58 subject=M10 event=survival_changed result=health:100->100,satiety:43->42,energy:89->88
tick=58 subject=M11 event=survival_changed result=health:100->100,satiety:43->42,energy:98->97
tick=58 subject=M12 event=survival_changed result=health:100->100,satiety:43->42,energy:95->94
tick=59 subject=M01 event=survival_changed result=health:100->100,satiety:42->41,energy:75->74
tick=59 subject=M02 event=survival_changed result=health:100->100,satiety:42->41,energy:100->99
tick=59 subject=M03 event=survival_changed result=health:100->100,satiety:42->41,energy:100->99
tick=59 subject=M04 event=survival_changed result=health:100->100,satiety:42->41,energy:100->99
tick=59 subject=M05 event=survival_changed result=health:100->100,satiety:42->41,energy:100->99
tick=59 subject=M06 event=survival_changed result=health:100->100,satiety:42->41,energy:96->95
tick=59 subject=M07 event=survival_changed result=health:100->100,satiety:42->41,energy:94->93
tick=59 subject=M08 event=survival_changed result=health:100->100,satiety:42->41,energy:100->99
tick=59 subject=M09 event=survival_changed result=health:100->100,satiety:42->41,energy:91->90
tick=59 subject=M10 event=survival_changed result=health:100->100,satiety:42->41,energy:88->87
tick=59 subject=M11 event=survival_changed result=health:100->100,satiety:42->41,energy:97->96
tick=59 subject=M12 event=survival_changed result=health:100->100,satiety:42->41,energy:94->93
tick=60 subject=M01 event=survival_changed result=health:100->100,satiety:41->40,energy:74->73
tick=60 subject=M02 event=survival_changed result=health:100->100,satiety:41->40,energy:99->98
tick=60 subject=M03 event=survival_changed result=health:100->100,satiety:41->40,energy:99->98
tick=60 subject=M04 event=survival_changed result=health:100->100,satiety:41->40,energy:99->98
tick=60 subject=M05 event=survival_changed result=health:100->100,satiety:41->40,energy:99->98
tick=60 subject=M06 event=survival_changed result=health:100->100,satiety:41->40,energy:95->94
tick=60 subject=M07 event=survival_changed result=health:100->100,satiety:41->40,energy:93->92
tick=60 subject=M08 event=survival_changed result=health:100->100,satiety:41->40,energy:99->98
tick=60 subject=M09 event=survival_changed result=health:100->100,satiety:41->40,energy:100->99
tick=60 subject=M10 event=survival_changed result=health:100->100,satiety:41->40,energy:87->86
tick=60 subject=M11 event=survival_changed result=health:100->100,satiety:41->40,energy:96->95
tick=60 subject=M12 event=survival_changed result=health:100->100,satiety:41->40,energy:93->92
tick=60 subject=A event=food_regeneration_skipped result=reason:capacity,count:61
tick=60 subject=B event=food_regeneration_skipped result=reason:capacity,count:61
tick=61 subject=M01 event=survival_changed result=health:100->100,satiety:40->39,energy:73->72
tick=61 subject=M02 event=survival_changed result=health:100->100,satiety:40->39,energy:98->97
tick=61 subject=M03 event=survival_changed result=health:100->100,satiety:40->39,energy:98->97
tick=61 subject=M04 event=survival_changed result=health:100->100,satiety:40->39,energy:98->97
tick=61 subject=M05 event=survival_changed result=health:100->100,satiety:40->39,energy:98->97
tick=61 subject=M06 event=survival_changed result=health:100->100,satiety:40->39,energy:94->93
tick=61 subject=M07 event=survival_changed result=health:100->100,satiety:40->39,energy:92->91
tick=61 subject=M08 event=survival_changed result=health:100->100,satiety:40->39,energy:98->97
tick=61 subject=M09 event=survival_changed result=health:100->100,satiety:40->39,energy:99->98
tick=61 subject=M10 event=survival_changed result=health:100->100,satiety:40->39,energy:86->85
tick=61 subject=M11 event=survival_changed result=health:100->100,satiety:40->39,energy:100->99
tick=61 subject=M12 event=survival_changed result=health:100->100,satiety:40->39,energy:92->91
tick=62 subject=M01 event=survival_changed result=health:100->100,satiety:39->38,energy:72->71
tick=62 subject=M02 event=survival_changed result=health:100->100,satiety:39->38,energy:97->96
tick=62 subject=M03 event=survival_changed result=health:100->100,satiety:39->38,energy:97->96
tick=62 subject=M04 event=survival_changed result=health:100->100,satiety:39->38,energy:97->96
tick=62 subject=M05 event=survival_changed result=health:100->100,satiety:39->38,energy:97->96
tick=62 subject=M06 event=survival_changed result=health:100->100,satiety:39->38,energy:93->92
tick=62 subject=M07 event=survival_changed result=health:100->100,satiety:39->38,energy:91->90
tick=62 subject=M08 event=survival_changed result=health:100->100,satiety:39->38,energy:100->99
tick=62 subject=M09 event=survival_changed result=health:100->100,satiety:39->38,energy:98->97
tick=62 subject=M10 event=survival_changed result=health:100->100,satiety:39->38,energy:85->84
tick=62 subject=M11 event=survival_changed result=health:100->100,satiety:39->38,energy:99->98
tick=62 subject=M12 event=survival_changed result=health:100->100,satiety:39->38,energy:91->90
tick=63 subject=M01 event=survival_changed result=health:100->100,satiety:38->37,energy:71->70
tick=63 subject=M02 event=survival_changed result=health:100->100,satiety:38->37,energy:96->95
tick=63 subject=M03 event=survival_changed result=health:100->100,satiety:38->37,energy:100->99
tick=63 subject=M04 event=survival_changed result=health:100->100,satiety:38->37,energy:96->95
tick=63 subject=M05 event=survival_changed result=health:100->100,satiety:38->37,energy:96->95
tick=63 subject=M06 event=survival_changed result=health:100->100,satiety:38->37,energy:92->91
tick=63 subject=M07 event=survival_changed result=health:100->100,satiety:38->37,energy:90->89
tick=63 subject=M08 event=survival_changed result=health:100->100,satiety:38->37,energy:99->98
tick=63 subject=M09 event=survival_changed result=health:100->100,satiety:38->37,energy:97->96
tick=63 subject=M10 event=survival_changed result=health:100->100,satiety:38->37,energy:84->83
tick=63 subject=M11 event=survival_changed result=health:100->100,satiety:38->37,energy:98->97
tick=63 subject=M12 event=survival_changed result=health:100->100,satiety:38->37,energy:100->99
tick=64 subject=M01 event=survival_changed result=health:100->100,satiety:37->36,energy:70->69
tick=64 subject=M02 event=survival_changed result=health:100->100,satiety:37->36,energy:95->94
tick=64 subject=M03 event=survival_changed result=health:100->100,satiety:37->36,energy:99->98
tick=64 subject=M04 event=survival_changed result=health:100->100,satiety:37->36,energy:95->94
tick=64 subject=M05 event=survival_changed result=health:100->100,satiety:37->36,energy:95->94
tick=64 subject=M06 event=survival_changed result=health:100->100,satiety:37->36,energy:91->90
tick=64 subject=M07 event=survival_changed result=health:100->100,satiety:37->36,energy:89->88
tick=64 subject=M08 event=survival_changed result=health:100->100,satiety:37->36,energy:98->97
tick=64 subject=M09 event=survival_changed result=health:100->100,satiety:37->36,energy:96->95
tick=64 subject=M10 event=survival_changed result=health:100->100,satiety:37->36,energy:83->82
tick=64 subject=M11 event=survival_changed result=health:100->100,satiety:37->36,energy:97->96
tick=64 subject=M12 event=survival_changed result=health:100->100,satiety:37->36,energy:99->98
tick=65 subject=M01 event=survival_changed result=health:100->100,satiety:36->35,energy:69->68
tick=65 subject=M02 event=survival_changed result=health:100->100,satiety:36->35,energy:94->93
tick=65 subject=M03 event=survival_changed result=health:100->100,satiety:36->35,energy:98->97
tick=65 subject=M04 event=survival_changed result=health:100->100,satiety:36->35,energy:94->93
tick=65 subject=M05 event=survival_changed result=health:100->100,satiety:36->35,energy:94->93
tick=65 subject=M06 event=survival_changed result=health:100->100,satiety:36->35,energy:100->99
tick=65 subject=M07 event=survival_changed result=health:100->100,satiety:36->35,energy:88->87
tick=65 subject=M08 event=survival_changed result=health:100->100,satiety:36->35,energy:97->96
tick=65 subject=M09 event=survival_changed result=health:100->100,satiety:36->35,energy:95->94
tick=65 subject=M10 event=survival_changed result=health:100->100,satiety:36->35,energy:82->81
tick=65 subject=M11 event=survival_changed result=health:100->100,satiety:36->35,energy:96->95
tick=65 subject=M12 event=survival_changed result=health:100->100,satiety:36->35,energy:98->97
tick=66 subject=M01 event=survival_changed result=health:100->100,satiety:35->34,energy:68->67
tick=66 subject=M02 event=survival_changed result=health:100->100,satiety:35->34,energy:100->99
tick=66 subject=M03 event=survival_changed result=health:100->100,satiety:35->34,energy:97->96
tick=66 subject=M04 event=survival_changed result=health:100->100,satiety:35->34,energy:93->92
tick=66 subject=M05 event=survival_changed result=health:100->100,satiety:35->34,energy:100->99
tick=66 subject=M06 event=survival_changed result=health:100->100,satiety:35->34,energy:99->98
tick=66 subject=M07 event=survival_changed result=health:100->100,satiety:35->34,energy:87->86
tick=66 subject=M08 event=survival_changed result=health:100->100,satiety:35->34,energy:100->99
tick=66 subject=M09 event=survival_changed result=health:100->100,satiety:35->34,energy:94->93
tick=66 subject=M10 event=survival_changed result=health:100->100,satiety:35->34,energy:81->80
tick=66 subject=M11 event=survival_changed result=health:100->100,satiety:35->34,energy:100->99
tick=66 subject=M12 event=survival_changed result=health:100->100,satiety:35->34,energy:97->96
tick=67 subject=M01 event=survival_changed result=health:100->100,satiety:34->33,energy:87->86
tick=67 subject=M02 event=survival_changed result=health:100->100,satiety:34->33,energy:99->98
tick=67 subject=M03 event=survival_changed result=health:100->100,satiety:34->33,energy:96->95
tick=67 subject=M04 event=survival_changed result=health:100->100,satiety:34->33,energy:100->99
tick=67 subject=M05 event=survival_changed result=health:100->100,satiety:34->33,energy:100->99
tick=67 subject=M06 event=survival_changed result=health:100->100,satiety:34->33,energy:98->97
tick=67 subject=M07 event=survival_changed result=health:100->100,satiety:34->33,energy:86->85
tick=67 subject=M08 event=survival_changed result=health:100->100,satiety:34->33,energy:99->98
tick=67 subject=M09 event=survival_changed result=health:100->100,satiety:34->33,energy:93->92
tick=67 subject=M10 event=survival_changed result=health:100->100,satiety:34->33,energy:80->79
tick=67 subject=M11 event=survival_changed result=health:100->100,satiety:34->33,energy:99->98
tick=67 subject=M12 event=survival_changed result=health:100->100,satiety:34->33,energy:96->95
tick=68 subject=M01 event=survival_changed result=health:100->100,satiety:33->32,energy:86->85
tick=68 subject=M02 event=survival_changed result=health:100->100,satiety:33->32,energy:98->97
tick=68 subject=M03 event=survival_changed result=health:100->100,satiety:33->32,energy:100->99
tick=68 subject=M04 event=survival_changed result=health:100->100,satiety:33->32,energy:99->98
tick=68 subject=M05 event=survival_changed result=health:100->100,satiety:33->32,energy:99->98
tick=68 subject=M06 event=survival_changed result=health:100->100,satiety:33->32,energy:97->96
tick=68 subject=M07 event=survival_changed result=health:100->100,satiety:33->32,energy:85->84
tick=68 subject=M08 event=survival_changed result=health:100->100,satiety:33->32,energy:100->99
tick=68 subject=M09 event=survival_changed result=health:100->100,satiety:33->32,energy:92->91
tick=68 subject=M10 event=survival_changed result=health:100->100,satiety:33->32,energy:79->78
tick=68 subject=M11 event=survival_changed result=health:100->100,satiety:33->32,energy:98->97
tick=68 subject=M12 event=survival_changed result=health:100->100,satiety:33->32,energy:95->94
tick=69 subject=M01 event=survival_changed result=health:100->100,satiety:32->31,energy:85->84
tick=69 subject=M02 event=survival_changed result=health:100->100,satiety:32->31,energy:100->99
tick=69 subject=M03 event=survival_changed result=health:100->100,satiety:32->31,energy:100->99
tick=69 subject=M04 event=survival_changed result=health:100->100,satiety:32->31,energy:98->97
tick=69 subject=M05 event=survival_changed result=health:100->100,satiety:32->31,energy:98->97
tick=69 subject=M06 event=survival_changed result=health:100->100,satiety:32->31,energy:96->95
tick=69 subject=M07 event=survival_changed result=health:100->100,satiety:32->31,energy:100->99
tick=69 subject=M08 event=survival_changed result=health:100->100,satiety:32->31,energy:99->98
tick=69 subject=M09 event=survival_changed result=health:100->100,satiety:32->31,energy:91->90
tick=69 subject=M10 event=survival_changed result=health:100->100,satiety:32->31,energy:78->77
tick=69 subject=M11 event=survival_changed result=health:100->100,satiety:32->31,energy:97->96
tick=69 subject=M12 event=survival_changed result=health:100->100,satiety:32->31,energy:94->93
tick=70 subject=M01 event=survival_changed result=health:100->100,satiety:31->30,energy:84->83
tick=70 subject=M02 event=survival_changed result=health:100->100,satiety:31->30,energy:99->98
tick=70 subject=M03 event=survival_changed result=health:100->100,satiety:31->30,energy:99->98
tick=70 subject=M04 event=survival_changed result=health:100->100,satiety:31->30,energy:97->96
tick=70 subject=M05 event=survival_changed result=health:100->100,satiety:31->30,energy:97->96
tick=70 subject=M06 event=survival_changed result=health:100->100,satiety:31->30,energy:95->94
tick=70 subject=M07 event=survival_changed result=health:100->100,satiety:31->30,energy:100->99
tick=70 subject=M08 event=survival_changed result=health:100->100,satiety:31->30,energy:98->97
tick=70 subject=M09 event=survival_changed result=health:100->100,satiety:31->30,energy:90->89
tick=70 subject=M10 event=survival_changed result=health:100->100,satiety:31->30,energy:77->76
tick=70 subject=M11 event=survival_changed result=health:100->100,satiety:31->30,energy:96->95
tick=70 subject=M12 event=survival_changed result=health:100->100,satiety:31->30,energy:93->92
tick=70 subject=A event=food_regeneration_skipped result=reason:capacity,count:61
tick=70 subject=B event=food_regeneration_skipped result=reason:capacity,count:61
tick=71 subject=M01 event=survival_changed result=health:100->100,satiety:30->29,energy:83->82
tick=71 subject=M02 event=survival_changed result=health:100->100,satiety:30->29,energy:98->97
tick=71 subject=M03 event=survival_changed result=health:100->100,satiety:30->29,energy:98->97
tick=71 subject=M04 event=survival_changed result=health:100->100,satiety:30->29,energy:96->95
tick=71 subject=M05 event=survival_changed result=health:100->100,satiety:30->29,energy:96->95
tick=71 subject=M06 event=survival_changed result=health:100->100,satiety:30->29,energy:100->99
tick=71 subject=M07 event=survival_changed result=health:100->100,satiety:30->29,energy:100->99
tick=71 subject=M08 event=survival_changed result=health:100->100,satiety:30->29,energy:100->99
tick=71 subject=M09 event=survival_changed result=health:100->100,satiety:30->29,energy:89->88
tick=71 subject=M10 event=survival_changed result=health:100->100,satiety:30->29,energy:76->75
tick=71 subject=M11 event=survival_changed result=health:100->100,satiety:30->29,energy:95->94
tick=71 subject=M12 event=survival_changed result=health:100->100,satiety:30->29,energy:92->91
tick=72 subject=M01 event=survival_changed result=health:100->100,satiety:29->28,energy:82->81
tick=72 subject=M02 event=survival_changed result=health:100->100,satiety:29->28,energy:97->96
tick=72 subject=M03 event=survival_changed result=health:100->100,satiety:29->28,energy:97->96
tick=72 subject=M04 event=survival_changed result=health:100->100,satiety:29->28,energy:95->94
tick=72 subject=M05 event=survival_changed result=health:100->100,satiety:29->28,energy:95->94
tick=72 subject=M06 event=survival_changed result=health:100->100,satiety:29->28,energy:99->98
tick=72 subject=M07 event=survival_changed result=health:100->100,satiety:29->28,energy:99->98
tick=72 subject=M08 event=survival_changed result=health:100->100,satiety:29->28,energy:99->98
tick=72 subject=M09 event=survival_changed result=health:100->100,satiety:29->28,energy:88->87
tick=72 subject=M10 event=survival_changed result=health:100->100,satiety:29->28,energy:75->74
tick=72 subject=M11 event=survival_changed result=health:100->100,satiety:29->28,energy:94->93
tick=72 subject=M12 event=survival_changed result=health:100->100,satiety:29->28,energy:91->90
tick=73 subject=M01 event=survival_changed result=health:100->100,satiety:28->27,energy:100->99
tick=73 subject=M02 event=survival_changed result=health:100->100,satiety:28->27,energy:96->95
tick=73 subject=M03 event=survival_changed result=health:100->100,satiety:28->27,energy:96->95
tick=73 subject=M04 event=survival_changed result=health:100->100,satiety:28->27,energy:100->99
tick=73 subject=M05 event=survival_changed result=health:100->100,satiety:28->27,energy:94->93
tick=73 subject=M06 event=survival_changed result=health:100->100,satiety:28->27,energy:98->97
tick=73 subject=M07 event=survival_changed result=health:100->100,satiety:28->27,energy:98->97
tick=73 subject=M08 event=survival_changed result=health:100->100,satiety:28->27,energy:98->97
tick=73 subject=M09 event=survival_changed result=health:100->100,satiety:28->27,energy:87->86
tick=73 subject=M10 event=survival_changed result=health:100->100,satiety:28->27,energy:94->93
tick=73 subject=M11 event=survival_changed result=health:100->100,satiety:28->27,energy:93->92
tick=73 subject=M12 event=survival_changed result=health:100->100,satiety:28->27,energy:90->89
tick=74 subject=M01 event=survival_changed result=health:100->100,satiety:27->26,energy:99->98
tick=74 subject=M02 event=survival_changed result=health:100->100,satiety:27->26,energy:100->99
tick=74 subject=M03 event=survival_changed result=health:100->100,satiety:27->26,energy:95->94
tick=74 subject=M04 event=survival_changed result=health:100->100,satiety:27->26,energy:99->98
tick=74 subject=M05 event=survival_changed result=health:100->100,satiety:27->26,energy:93->92
tick=74 subject=M06 event=survival_changed result=health:100->100,satiety:27->26,energy:97->96
tick=74 subject=M07 event=survival_changed result=health:100->100,satiety:27->26,energy:97->96
tick=74 subject=M08 event=survival_changed result=health:100->100,satiety:27->26,energy:97->96
tick=74 subject=M09 event=survival_changed result=health:100->100,satiety:27->26,energy:100->99
tick=74 subject=M10 event=survival_changed result=health:100->100,satiety:27->26,energy:93->92
tick=74 subject=M11 event=survival_changed result=health:100->100,satiety:27->26,energy:92->91
tick=74 subject=M12 event=survival_changed result=health:100->100,satiety:27->26,energy:89->88
tick=75 subject=M01 event=survival_changed result=health:100->100,satiety:26->25,energy:98->97
tick=75 subject=M02 event=survival_changed result=health:100->100,satiety:26->25,energy:99->98
tick=75 subject=M03 event=survival_changed result=health:100->100,satiety:26->25,energy:94->93
tick=75 subject=M04 event=survival_changed result=health:100->100,satiety:26->25,energy:100->99
tick=75 subject=M05 event=survival_changed result=health:100->100,satiety:26->25,energy:92->91
tick=75 subject=M06 event=survival_changed result=health:100->100,satiety:26->25,energy:96->95
tick=75 subject=M07 event=survival_changed result=health:100->100,satiety:26->25,energy:96->95
tick=75 subject=M08 event=survival_changed result=health:100->100,satiety:26->25,energy:96->95
tick=75 subject=M09 event=survival_changed result=health:100->100,satiety:26->25,energy:100->99
tick=75 subject=M10 event=survival_changed result=health:100->100,satiety:26->25,energy:100->99
tick=75 subject=M11 event=survival_changed result=health:100->100,satiety:26->25,energy:91->90
tick=75 subject=M12 event=survival_changed result=health:100->100,satiety:26->25,energy:88->87
tick=76 subject=M01 event=survival_changed result=health:100->100,satiety:25->24,energy:100->99
tick=76 subject=M02 event=survival_changed result=health:100->100,satiety:25->24,energy:100->99
tick=76 subject=M03 event=survival_changed result=health:100->100,satiety:25->24,energy:93->92
tick=76 subject=M04 event=survival_changed result=health:100->100,satiety:25->24,energy:99->98
tick=76 subject=M05 event=survival_changed result=health:100->100,satiety:25->24,energy:91->90
tick=76 subject=M06 event=survival_changed result=health:100->100,satiety:25->24,energy:100->99
tick=76 subject=M07 event=survival_changed result=health:100->100,satiety:25->24,energy:95->94
tick=76 subject=M08 event=survival_changed result=health:100->100,satiety:25->24,energy:95->94
tick=76 subject=M09 event=survival_changed result=health:100->100,satiety:25->24,energy:99->98
tick=76 subject=M10 event=survival_changed result=health:100->100,satiety:25->24,energy:99->98
tick=76 subject=M11 event=survival_changed result=health:100->100,satiety:25->24,energy:90->89
tick=76 subject=M12 event=survival_changed result=health:100->100,satiety:25->24,energy:87->86
tick=77 subject=M01 event=survival_changed result=health:100->100,satiety:24->23,energy:100->99
tick=77 subject=M02 event=survival_changed result=health:100->100,satiety:24->23,energy:99->98
tick=77 subject=M03 event=survival_changed result=health:100->100,satiety:24->23,energy:100->99
tick=77 subject=M04 event=survival_changed result=health:100->100,satiety:24->23,energy:98->97
tick=77 subject=M05 event=survival_changed result=health:100->100,satiety:24->23,energy:90->89
tick=77 subject=M06 event=survival_changed result=health:100->100,satiety:24->23,energy:99->98
tick=77 subject=M07 event=survival_changed result=health:100->100,satiety:24->23,energy:94->93
tick=77 subject=M08 event=survival_changed result=health:100->100,satiety:24->23,energy:94->93
tick=77 subject=M09 event=survival_changed result=health:100->100,satiety:24->23,energy:98->97
tick=77 subject=M10 event=survival_changed result=health:100->100,satiety:24->23,energy:98->97
tick=77 subject=M11 event=survival_changed result=health:100->100,satiety:24->23,energy:89->88
tick=77 subject=M12 event=survival_changed result=health:100->100,satiety:24->23,energy:86->85
tick=78 subject=M01 event=survival_changed result=health:100->100,satiety:23->22,energy:99->98
tick=78 subject=M02 event=survival_changed result=health:100->100,satiety:23->22,energy:98->97
tick=78 subject=M03 event=survival_changed result=health:100->100,satiety:23->22,energy:99->98
tick=78 subject=M04 event=survival_changed result=health:100->100,satiety:23->22,energy:97->96
tick=78 subject=M05 event=survival_changed result=health:100->100,satiety:23->22,energy:89->88
tick=78 subject=M06 event=survival_changed result=health:100->100,satiety:23->22,energy:100->99
tick=78 subject=M07 event=survival_changed result=health:100->100,satiety:23->22,energy:100->99
tick=78 subject=M08 event=survival_changed result=health:100->100,satiety:23->22,energy:93->92
tick=78 subject=M09 event=survival_changed result=health:100->100,satiety:23->22,energy:97->96
tick=78 subject=M10 event=survival_changed result=health:100->100,satiety:23->22,energy:97->96
tick=78 subject=M11 event=survival_changed result=health:100->100,satiety:23->22,energy:88->87
tick=78 subject=M12 event=survival_changed result=health:100->100,satiety:23->22,energy:85->84
tick=79 subject=M01 event=survival_changed result=health:100->100,satiety:22->21,energy:98->97
tick=79 subject=M02 event=survival_changed result=health:100->100,satiety:22->21,energy:100->99
tick=79 subject=M03 event=survival_changed result=health:100->100,satiety:22->21,energy:100->99
tick=79 subject=M04 event=survival_changed result=health:100->100,satiety:22->21,energy:100->99
tick=79 subject=M05 event=survival_changed result=health:100->100,satiety:22->21,energy:88->87
tick=79 subject=M06 event=survival_changed result=health:100->100,satiety:22->21,energy:99->98
tick=79 subject=M07 event=survival_changed result=health:100->100,satiety:22->21,energy:99->98
tick=79 subject=M08 event=survival_changed result=health:100->100,satiety:22->21,energy:92->91
tick=79 subject=M09 event=survival_changed result=health:100->100,satiety:22->21,energy:96->95
tick=79 subject=M10 event=survival_changed result=health:100->100,satiety:22->21,energy:96->95
tick=79 subject=M11 event=survival_changed result=health:100->100,satiety:22->21,energy:87->86
tick=79 subject=M12 event=survival_changed result=health:100->100,satiety:22->21,energy:84->83
tick=80 subject=M01 event=survival_changed result=health:100->100,satiety:21->20,energy:97->96
tick=80 subject=M02 event=survival_changed result=health:100->100,satiety:21->20,energy:99->98
tick=80 subject=M03 event=survival_changed result=health:100->100,satiety:21->20,energy:99->98
tick=80 subject=M04 event=survival_changed result=health:100->100,satiety:21->20,energy:99->98
tick=80 subject=M05 event=survival_changed result=health:100->100,satiety:21->20,energy:87->86
tick=80 subject=M06 event=survival_changed result=health:100->100,satiety:21->20,energy:98->97
tick=80 subject=M07 event=survival_changed result=health:100->100,satiety:21->20,energy:98->97
tick=80 subject=M08 event=survival_changed result=health:100->100,satiety:21->20,energy:100->99
tick=80 subject=M09 event=survival_changed result=health:100->100,satiety:21->20,energy:95->94
tick=80 subject=M10 event=survival_changed result=health:100->100,satiety:21->20,energy:95->94
tick=80 subject=M11 event=survival_changed result=health:100->100,satiety:21->20,energy:86->85
tick=80 subject=M12 event=survival_changed result=health:100->100,satiety:21->20,energy:83->82
tick=80 subject=A event=food_regeneration_skipped result=reason:capacity,count:61
tick=80 subject=B event=food_regeneration_skipped result=reason:capacity,count:61
tick=81 subject=M01 event=survival_changed result=health:100->100,satiety:20->19,energy:100->99
tick=81 subject=M02 event=survival_changed result=health:100->100,satiety:20->19,energy:98->97
tick=81 subject=M03 event=survival_changed result=health:100->100,satiety:20->19,energy:100->99
tick=81 subject=M04 event=survival_changed result=health:100->100,satiety:20->19,energy:98->97
tick=81 subject=M05 event=survival_changed result=health:100->100,satiety:20->19,energy:86->85
tick=81 subject=M06 event=survival_changed result=health:100->100,satiety:20->19,energy:100->99
tick=81 subject=M07 event=survival_changed result=health:100->100,satiety:20->19,energy:97->96
tick=81 subject=M08 event=survival_changed result=health:100->100,satiety:20->19,energy:99->98
tick=81 subject=M09 event=survival_changed result=health:100->100,satiety:20->19,energy:94->93
tick=81 subject=M10 event=survival_changed result=health:100->100,satiety:20->19,energy:94->93
tick=81 subject=M11 event=survival_changed result=health:100->100,satiety:20->19,energy:100->99
tick=81 subject=M12 event=survival_changed result=health:100->100,satiety:20->19,energy:82->81
tick=82 subject=M01 event=survival_changed result=health:100->100,satiety:19->18,energy:99->98
tick=82 subject=M02 event=survival_changed result=health:100->100,satiety:19->18,energy:97->96
tick=82 subject=M03 event=survival_changed result=health:100->100,satiety:19->18,energy:99->98
tick=82 subject=M04 event=survival_changed result=health:100->100,satiety:19->18,energy:97->96
tick=82 subject=M05 event=survival_changed result=health:100->100,satiety:19->18,energy:85->84
tick=82 subject=M06 event=survival_changed result=health:100->100,satiety:19->18,energy:100->99
tick=82 subject=M07 event=survival_changed result=health:100->100,satiety:19->18,energy:100->99
tick=82 subject=M08 event=survival_changed result=health:100->100,satiety:19->18,energy:98->97
tick=82 subject=M09 event=survival_changed result=health:100->100,satiety:19->18,energy:93->92
tick=82 subject=M10 event=survival_changed result=health:100->100,satiety:19->18,energy:93->92
tick=82 subject=M11 event=survival_changed result=health:100->100,satiety:19->18,energy:99->98
tick=82 subject=M12 event=survival_changed result=health:100->100,satiety:19->18,energy:81->80
tick=83 subject=M01 event=survival_changed result=health:100->100,satiety:18->17,energy:98->97
tick=83 subject=M02 event=survival_changed result=health:100->100,satiety:18->17,energy:96->95
tick=83 subject=M03 event=survival_changed result=health:100->100,satiety:18->17,energy:98->97
tick=83 subject=M04 event=survival_changed result=health:100->100,satiety:18->17,energy:96->95
tick=83 subject=M05 event=survival_changed result=health:100->100,satiety:18->17,energy:100->99
tick=83 subject=M06 event=survival_changed result=health:100->100,satiety:18->17,energy:100->99
tick=83 subject=M07 event=survival_changed result=health:100->100,satiety:18->17,energy:99->98
tick=83 subject=M08 event=survival_changed result=health:100->100,satiety:18->17,energy:97->96
tick=83 subject=M09 event=survival_changed result=health:100->100,satiety:18->17,energy:92->91
tick=83 subject=M10 event=survival_changed result=health:100->100,satiety:18->17,energy:92->91
tick=83 subject=M11 event=survival_changed result=health:100->100,satiety:18->17,energy:100->99
tick=83 subject=M12 event=survival_changed result=health:100->100,satiety:18->17,energy:80->79
tick=84 subject=M01 event=survival_changed result=health:100->100,satiety:17->16,energy:97->96
tick=84 subject=M02 event=survival_changed result=health:100->100,satiety:17->16,energy:100->99
tick=84 subject=M03 event=survival_changed result=health:100->100,satiety:17->16,energy:97->96
tick=84 subject=M04 event=survival_changed result=health:100->100,satiety:17->16,energy:95->94
tick=84 subject=M05 event=survival_changed result=health:100->100,satiety:17->16,energy:99->98
tick=84 subject=M06 event=survival_changed result=health:100->100,satiety:17->16,energy:99->98
tick=84 subject=M07 event=survival_changed result=health:100->100,satiety:17->16,energy:100->99
tick=84 subject=M08 event=survival_changed result=health:100->100,satiety:17->16,energy:96->95
tick=84 subject=M09 event=survival_changed result=health:100->100,satiety:17->16,energy:91->90
tick=84 subject=M10 event=survival_changed result=health:100->100,satiety:17->16,energy:91->90
tick=84 subject=M11 event=survival_changed result=health:100->100,satiety:17->16,energy:99->98
tick=84 subject=M12 event=survival_changed result=health:100->100,satiety:17->16,energy:79->78
tick=85 subject=M01 event=survival_changed result=health:100->100,satiety:16->15,energy:96->95
tick=85 subject=M02 event=survival_changed result=health:100->100,satiety:16->15,energy:99->98
tick=85 subject=M03 event=survival_changed result=health:100->100,satiety:16->15,energy:96->95
tick=85 subject=M04 event=survival_changed result=health:100->100,satiety:16->15,energy:94->93
tick=85 subject=M05 event=survival_changed result=health:100->100,satiety:16->15,energy:98->97
tick=85 subject=M06 event=survival_changed result=health:100->100,satiety:16->15,energy:98->97
tick=85 subject=M07 event=survival_changed result=health:100->100,satiety:16->15,energy:100->99
tick=85 subject=M08 event=survival_changed result=health:100->100,satiety:16->15,energy:100->99
tick=85 subject=M09 event=survival_changed result=health:100->100,satiety:16->15,energy:90->89
tick=85 subject=M10 event=survival_changed result=health:100->100,satiety:16->15,energy:90->89
tick=85 subject=M11 event=survival_changed result=health:100->100,satiety:16->15,energy:98->97
tick=85 subject=M12 event=survival_changed result=health:100->100,satiety:16->15,energy:78->77
tick=86 subject=M01 event=survival_changed result=health:100->100,satiety:15->14,energy:95->94
tick=86 subject=M02 event=survival_changed result=health:100->100,satiety:15->14,energy:100->99
tick=86 subject=M03 event=survival_changed result=health:100->100,satiety:15->14,energy:95->94
tick=86 subject=M04 event=survival_changed result=health:100->100,satiety:15->14,energy:93->92
tick=86 subject=M05 event=survival_changed result=health:100->100,satiety:15->14,energy:97->96
tick=86 subject=M06 event=survival_changed result=health:100->100,satiety:15->14,energy:100->99
tick=86 subject=M07 event=survival_changed result=health:100->100,satiety:15->14,energy:100->99
tick=86 subject=M08 event=survival_changed result=health:100->100,satiety:15->14,energy:99->98
tick=86 subject=M09 event=survival_changed result=health:100->100,satiety:15->14,energy:89->88
tick=86 subject=M10 event=survival_changed result=health:100->100,satiety:15->14,energy:89->88
tick=86 subject=M11 event=survival_changed result=health:100->100,satiety:15->14,energy:97->96
tick=86 subject=M12 event=survival_changed result=health:100->100,satiety:15->14,energy:77->76
tick=87 subject=M01 event=survival_changed result=health:100->100,satiety:14->13,energy:94->93
tick=87 subject=M02 event=survival_changed result=health:100->100,satiety:14->13,energy:99->98
tick=87 subject=M03 event=survival_changed result=health:100->100,satiety:14->13,energy:94->93
tick=87 subject=M04 event=survival_changed result=health:100->100,satiety:14->13,energy:92->91
tick=87 subject=M05 event=survival_changed result=health:100->100,satiety:14->13,energy:96->95
tick=87 subject=M06 event=survival_changed result=health:100->100,satiety:14->13,energy:99->98
tick=87 subject=M07 event=survival_changed result=health:100->100,satiety:14->13,energy:99->98
tick=87 subject=M08 event=survival_changed result=health:100->100,satiety:14->13,energy:98->97
tick=87 subject=M09 event=survival_changed result=health:100->100,satiety:14->13,energy:88->87
tick=87 subject=M10 event=survival_changed result=health:100->100,satiety:14->13,energy:88->87
tick=87 subject=M11 event=survival_changed result=health:100->100,satiety:14->13,energy:96->95
tick=87 subject=M12 event=survival_changed result=health:100->100,satiety:14->13,energy:76->75
tick=88 subject=M01 event=survival_changed result=health:100->100,satiety:13->12,energy:93->92
tick=88 subject=M02 event=survival_changed result=health:100->100,satiety:13->12,energy:98->97
tick=88 subject=M03 event=survival_changed result=health:100->100,satiety:13->12,energy:100->99
tick=88 subject=M04 event=survival_changed result=health:100->100,satiety:13->12,energy:91->90
tick=88 subject=M05 event=survival_changed result=health:100->100,satiety:13->12,energy:95->94
tick=88 subject=M06 event=survival_changed result=health:100->100,satiety:13->12,energy:98->97
tick=88 subject=M07 event=survival_changed result=health:100->100,satiety:13->12,energy:98->97
tick=88 subject=M08 event=survival_changed result=health:100->100,satiety:13->12,energy:97->96
tick=88 subject=M09 event=survival_changed result=health:100->100,satiety:13->12,energy:87->86
tick=88 subject=M10 event=survival_changed result=health:100->100,satiety:13->12,energy:87->86
tick=88 subject=M11 event=survival_changed result=health:100->100,satiety:13->12,energy:95->94
tick=88 subject=M12 event=survival_changed result=health:100->100,satiety:13->12,energy:75->74
tick=89 subject=M01 event=survival_changed result=health:100->100,satiety:12->11,energy:92->91
tick=89 subject=M02 event=survival_changed result=health:100->100,satiety:12->11,energy:97->96
tick=89 subject=M03 event=survival_changed result=health:100->100,satiety:12->11,energy:99->98
tick=89 subject=M04 event=survival_changed result=health:100->100,satiety:12->11,energy:90->89
tick=89 subject=M05 event=survival_changed result=health:100->100,satiety:12->11,energy:94->93
tick=89 subject=M06 event=survival_changed result=health:100->100,satiety:12->11,energy:97->96
tick=89 subject=M07 event=survival_changed result=health:100->100,satiety:12->11,energy:97->96
tick=89 subject=M08 event=food_consumed result=food:F0119,class:low,satiety:12->27,energy:96->100
tick=89 subject=M08 event=survival_changed result=health:100->100,satiety:27->26,energy:100->99
tick=89 subject=M09 event=survival_changed result=health:100->100,satiety:12->11,energy:86->85
tick=89 subject=M10 event=survival_changed result=health:100->100,satiety:12->11,energy:86->85
tick=89 subject=M11 event=survival_changed result=health:100->100,satiety:12->11,energy:94->93
tick=89 subject=M12 event=survival_changed result=health:100->100,satiety:12->11,energy:74->73
tick=90 subject=M01 event=survival_changed result=health:100->100,satiety:11->10,energy:91->90
tick=90 subject=M02 event=survival_changed result=health:100->100,satiety:11->10,energy:100->99
tick=90 subject=M03 event=survival_changed result=health:100->100,satiety:11->10,energy:98->97
tick=90 subject=M04 event=survival_changed result=health:100->100,satiety:11->10,energy:89->88
tick=90 subject=M05 event=survival_changed result=health:100->100,satiety:11->10,energy:93->92
tick=90 subject=M06 event=survival_changed result=health:100->100,satiety:11->10,energy:96->95
tick=90 subject=M07 event=survival_changed result=health:100->100,satiety:11->10,energy:96->95
tick=90 subject=M08 event=survival_changed result=health:100->100,satiety:26->25,energy:99->98
tick=90 subject=M09 event=survival_changed result=health:100->100,satiety:11->10,energy:100->99
tick=90 subject=M10 event=survival_changed result=health:100->100,satiety:11->10,energy:85->84
tick=90 subject=M11 event=survival_changed result=health:100->100,satiety:11->10,energy:93->92
tick=90 subject=M12 event=survival_changed result=health:100->100,satiety:11->10,energy:73->72
tick=90 subject=A event=food_regeneration_skipped result=reason:capacity,count:61
tick=90 subject=B event=food_regenerated result=food:F0123,class:medium,position:118:115
tick=91 subject=M01 event=survival_changed result=health:100->100,satiety:10->9,energy:90->89
tick=91 subject=M02 event=survival_changed result=health:100->100,satiety:10->9,energy:100->99
tick=91 subject=M03 event=survival_changed result=health:100->100,satiety:10->9,energy:97->96
tick=91 subject=M04 event=survival_changed result=health:100->100,satiety:10->9,energy:88->87
tick=91 subject=M05 event=survival_changed result=health:100->100,satiety:10->9,energy:100->99
tick=91 subject=M06 event=survival_changed result=health:100->100,satiety:10->9,energy:95->94
tick=91 subject=M07 event=survival_changed result=health:100->100,satiety:10->9,energy:95->94
tick=91 subject=M08 event=survival_changed result=health:100->100,satiety:25->24,energy:98->97
tick=91 subject=M09 event=survival_changed result=health:100->100,satiety:10->9,energy:99->98
tick=91 subject=M10 event=survival_changed result=health:100->100,satiety:10->9,energy:84->83
tick=91 subject=M11 event=survival_changed result=health:100->100,satiety:10->9,energy:92->91
tick=91 subject=M12 event=survival_changed result=health:100->100,satiety:10->9,energy:72->71
tick=92 subject=M01 event=survival_changed result=health:100->100,satiety:9->8,energy:89->88
tick=92 subject=M02 event=survival_changed result=health:100->100,satiety:9->8,energy:99->98
tick=92 subject=M03 event=survival_changed result=health:100->100,satiety:9->8,energy:96->95
tick=92 subject=M04 event=survival_changed result=health:100->100,satiety:9->8,energy:100->99
tick=92 subject=M05 event=survival_changed result=health:100->100,satiety:9->8,energy:100->99
tick=92 subject=M06 event=survival_changed result=health:100->100,satiety:9->8,energy:94->93
tick=92 subject=M07 event=survival_changed result=health:100->100,satiety:9->8,energy:94->93
tick=92 subject=M08 event=survival_changed result=health:100->100,satiety:24->23,energy:97->96
tick=92 subject=M09 event=survival_changed result=health:100->100,satiety:9->8,energy:98->97
tick=92 subject=M10 event=survival_changed result=health:100->100,satiety:9->8,energy:83->82
tick=92 subject=M11 event=survival_changed result=health:100->100,satiety:9->8,energy:91->90
tick=92 subject=M12 event=survival_changed result=health:100->100,satiety:9->8,energy:91->90
tick=93 subject=M01 event=survival_changed result=health:100->100,satiety:8->7,energy:88->87
tick=93 subject=M02 event=survival_changed result=health:100->100,satiety:8->7,energy:98->97
tick=93 subject=M03 event=survival_changed result=health:100->100,satiety:8->7,energy:100->99
tick=93 subject=M04 event=survival_changed result=health:100->100,satiety:8->7,energy:99->98
tick=93 subject=M05 event=survival_changed result=health:100->100,satiety:8->7,energy:99->98
tick=93 subject=M06 event=survival_changed result=health:100->100,satiety:8->7,energy:93->92
tick=93 subject=M07 event=survival_changed result=health:100->100,satiety:8->7,energy:93->92
tick=93 subject=M08 event=survival_changed result=health:100->100,satiety:23->22,energy:100->99
tick=93 subject=M09 event=survival_changed result=health:100->100,satiety:8->7,energy:97->96
tick=93 subject=M10 event=survival_changed result=health:100->100,satiety:8->7,energy:82->81
tick=93 subject=M11 event=survival_changed result=health:100->100,satiety:8->7,energy:90->89
tick=93 subject=M12 event=survival_changed result=health:100->100,satiety:8->7,energy:90->89
tick=94 subject=M01 event=survival_changed result=health:100->100,satiety:7->6,energy:87->86
tick=94 subject=M02 event=survival_changed result=health:100->100,satiety:7->6,energy:100->99
tick=94 subject=M03 event=survival_changed result=health:100->100,satiety:7->6,energy:99->98
tick=94 subject=M04 event=survival_changed result=health:100->100,satiety:7->6,energy:98->97
tick=94 subject=M05 event=survival_changed result=health:100->100,satiety:7->6,energy:98->97
tick=94 subject=M06 event=survival_changed result=health:100->100,satiety:7->6,energy:92->91
tick=94 subject=M07 event=survival_changed result=health:100->100,satiety:7->6,energy:92->91
tick=94 subject=M08 event=survival_changed result=health:100->100,satiety:22->21,energy:99->98
tick=94 subject=M09 event=survival_changed result=health:100->100,satiety:7->6,energy:100->99
tick=94 subject=M10 event=survival_changed result=health:100->100,satiety:7->6,energy:100->99
tick=94 subject=M11 event=survival_changed result=health:100->100,satiety:7->6,energy:89->88
tick=94 subject=M12 event=survival_changed result=health:100->100,satiety:7->6,energy:89->88
tick=95 subject=M01 event=survival_changed result=health:100->100,satiety:6->5,energy:100->99
tick=95 subject=M02 event=survival_changed result=health:100->100,satiety:6->5,energy:99->98
tick=95 subject=M03 event=survival_changed result=health:100->100,satiety:6->5,energy:98->97
tick=95 subject=M04 event=survival_changed result=health:100->100,satiety:6->5,energy:97->96
tick=95 subject=M05 event=survival_changed result=health:100->100,satiety:6->5,energy:100->99
tick=95 subject=M06 event=survival_changed result=health:100->100,satiety:6->5,energy:91->90
tick=95 subject=M07 event=survival_changed result=health:100->100,satiety:6->5,energy:91->90
tick=95 subject=M08 event=survival_changed result=health:100->100,satiety:21->20,energy:98->97
tick=95 subject=M09 event=survival_changed result=health:100->100,satiety:6->5,energy:99->98
tick=95 subject=M10 event=survival_changed result=health:100->100,satiety:6->5,energy:99->98
tick=95 subject=M11 event=survival_changed result=health:100->100,satiety:6->5,energy:88->87
tick=95 subject=M12 event=survival_changed result=health:100->100,satiety:6->5,energy:88->87
tick=96 subject=M01 event=survival_changed result=health:100->100,satiety:5->4,energy:100->99
tick=96 subject=M02 event=survival_changed result=health:100->100,satiety:5->4,energy:98->97
tick=96 subject=M03 event=survival_changed result=health:100->100,satiety:5->4,energy:97->96
tick=96 subject=M04 event=survival_changed result=health:100->100,satiety:5->4,energy:100->99
tick=96 subject=M05 event=survival_changed result=health:100->100,satiety:5->4,energy:99->98
tick=96 subject=M06 event=survival_changed result=health:100->100,satiety:5->4,energy:90->89
tick=96 subject=M07 event=survival_changed result=health:100->100,satiety:5->4,energy:90->89
tick=96 subject=M08 event=survival_changed result=health:100->100,satiety:20->19,energy:97->96
tick=96 subject=M09 event=survival_changed result=health:100->100,satiety:5->4,energy:98->97
tick=96 subject=M10 event=survival_changed result=health:100->100,satiety:5->4,energy:98->97
tick=96 subject=M11 event=survival_changed result=health:100->100,satiety:5->4,energy:87->86
tick=96 subject=M12 event=survival_changed result=health:100->100,satiety:5->4,energy:87->86
tick=97 subject=M01 event=survival_changed result=health:100->100,satiety:4->3,energy:99->98
tick=97 subject=M02 event=survival_changed result=health:100->100,satiety:4->3,energy:97->96
tick=97 subject=M03 event=survival_changed result=health:100->100,satiety:4->3,energy:100->99
tick=97 subject=M04 event=survival_changed result=health:100->100,satiety:4->3,energy:99->98
tick=97 subject=M05 event=survival_changed result=health:100->100,satiety:4->3,energy:98->97
tick=97 subject=M06 event=survival_changed result=health:100->100,satiety:4->3,energy:100->99
tick=97 subject=M07 event=survival_changed result=health:100->100,satiety:4->3,energy:89->88
tick=97 subject=M08 event=survival_changed result=health:100->100,satiety:19->18,energy:96->95
tick=97 subject=M09 event=survival_changed result=health:100->100,satiety:4->3,energy:97->96
tick=97 subject=M10 event=survival_changed result=health:100->100,satiety:4->3,energy:97->96
tick=97 subject=M11 event=survival_changed result=health:100->100,satiety:4->3,energy:86->85
tick=97 subject=M12 event=survival_changed result=health:100->100,satiety:4->3,energy:86->85
tick=98 subject=M01 event=survival_changed result=health:100->100,satiety:3->2,energy:98->97
tick=98 subject=M02 event=survival_changed result=health:100->100,satiety:3->2,energy:96->95
tick=98 subject=M03 event=survival_changed result=health:100->100,satiety:3->2,energy:99->98
tick=98 subject=M04 event=survival_changed result=health:100->100,satiety:3->2,energy:98->97
tick=98 subject=M05 event=survival_changed result=health:100->100,satiety:3->2,energy:97->96
tick=98 subject=M06 event=survival_changed result=health:100->100,satiety:3->2,energy:100->99
tick=98 subject=M07 event=survival_changed result=health:100->100,satiety:3->2,energy:100->99
tick=98 subject=M08 event=survival_changed result=health:100->100,satiety:18->17,energy:95->94
tick=98 subject=M09 event=survival_changed result=health:100->100,satiety:3->2,energy:96->95
tick=98 subject=M10 event=survival_changed result=health:100->100,satiety:3->2,energy:96->95
tick=98 subject=M11 event=survival_changed result=health:100->100,satiety:3->2,energy:100->99
tick=98 subject=M12 event=survival_changed result=health:100->100,satiety:3->2,energy:85->84
tick=99 subject=M01 event=survival_changed result=health:100->100,satiety:2->1,energy:97->96
tick=99 subject=M02 event=survival_changed result=health:100->100,satiety:2->1,energy:95->94
tick=99 subject=M03 event=survival_changed result=health:100->100,satiety:2->1,energy:98->97
tick=99 subject=M04 event=survival_changed result=health:100->100,satiety:2->1,energy:97->96
tick=99 subject=M05 event=survival_changed result=health:100->100,satiety:2->1,energy:100->99
tick=99 subject=M06 event=survival_changed result=health:100->100,satiety:2->1,energy:99->98
tick=99 subject=M07 event=survival_changed result=health:100->100,satiety:2->1,energy:100->99
tick=99 subject=M08 event=survival_changed result=health:100->100,satiety:17->16,energy:94->93
tick=99 subject=M09 event=survival_changed result=health:100->100,satiety:2->1,energy:100->99
tick=99 subject=M10 event=survival_changed result=health:100->100,satiety:2->1,energy:95->94
tick=99 subject=M11 event=survival_changed result=health:100->100,satiety:2->1,energy:100->99
tick=99 subject=M12 event=survival_changed result=health:100->100,satiety:2->1,energy:84->83
tick=100 subject=M01 event=survival_changed result=health:100->95,satiety:1->0,energy:96->95
tick=100 subject=M02 event=survival_changed result=health:100->95,satiety:1->0,energy:94->93
tick=100 subject=M03 event=survival_changed result=health:100->95,satiety:1->0,energy:97->96
tick=100 subject=M04 event=survival_changed result=health:100->95,satiety:1->0,energy:96->95
tick=100 subject=M05 event=survival_changed result=health:100->95,satiety:1->0,energy:99->98
tick=100 subject=M06 event=survival_changed result=health:100->95,satiety:1->0,energy:98->97
tick=100 subject=M07 event=survival_changed result=health:100->95,satiety:1->0,energy:99->98
tick=100 subject=M08 event=survival_changed result=health:100->100,satiety:16->15,energy:93->92
tick=100 subject=M09 event=survival_changed result=health:100->95,satiety:1->0,energy:99->98
tick=100 subject=M10 event=survival_changed result=health:100->95,satiety:1->0,energy:100->99
tick=100 subject=M11 event=survival_changed result=health:100->95,satiety:1->0,energy:100->99
tick=100 subject=M12 event=survival_changed result=health:100->95,satiety:1->0,energy:83->82
tick=100 subject=A event=food_regeneration_skipped result=reason:capacity,count:61
tick=100 subject=B event=food_regeneration_skipped result=reason:capacity,count:61
tick=101 subject=M01 event=survival_changed result=health:95->90,satiety:0->0,energy:95->94
tick=101 subject=M02 event=survival_changed result=health:95->90,satiety:0->0,energy:93->92
tick=101 subject=M03 event=survival_changed result=health:95->90,satiety:0->0,energy:96->95
tick=101 subject=M04 event=survival_changed result=health:95->90,satiety:0->0,energy:95->94
tick=101 subject=M05 event=survival_changed result=health:95->90,satiety:0->0,energy:98->97
tick=101 subject=M06 event=survival_changed result=health:95->90,satiety:0->0,energy:97->96
tick=101 subject=M07 event=survival_changed result=health:95->90,satiety:0->0,energy:98->97
tick=101 subject=M08 event=survival_changed result=health:100->100,satiety:15->14,energy:100->99
tick=101 subject=M09 event=survival_changed result=health:95->90,satiety:0->0,energy:98->97
tick=101 subject=M10 event=survival_changed result=health:95->90,satiety:0->0,energy:99->98
tick=101 subject=M11 event=survival_changed result=health:95->90,satiety:0->0,energy:99->98
tick=101 subject=M12 event=survival_changed result=health:95->90,satiety:0->0,energy:82->81
tick=102 subject=M01 event=survival_changed result=health:90->85,satiety:0->0,energy:94->93
tick=102 subject=M02 event=survival_changed result=health:90->85,satiety:0->0,energy:92->91
tick=102 subject=M03 event=survival_changed result=health:90->85,satiety:0->0,energy:95->94
tick=102 subject=M04 event=survival_changed result=health:90->85,satiety:0->0,energy:94->93
tick=102 subject=M05 event=survival_changed result=health:90->85,satiety:0->0,energy:97->96
tick=102 subject=M06 event=survival_changed result=health:90->85,satiety:0->0,energy:96->95
tick=102 subject=M07 event=survival_changed result=health:90->85,satiety:0->0,energy:97->96
tick=102 subject=M08 event=survival_changed result=health:100->100,satiety:14->13,energy:99->98
tick=102 subject=M09 event=survival_changed result=health:90->85,satiety:0->0,energy:97->96
tick=102 subject=M10 event=survival_changed result=health:90->85,satiety:0->0,energy:100->99
tick=102 subject=M11 event=survival_changed result=health:90->85,satiety:0->0,energy:98->97
tick=102 subject=M12 event=survival_changed result=health:90->85,satiety:0->0,energy:81->80
tick=103 subject=M01 event=survival_changed result=health:85->80,satiety:0->0,energy:93->92
tick=103 subject=M02 event=survival_changed result=health:85->80,satiety:0->0,energy:91->90
tick=103 subject=M03 event=survival_changed result=health:85->80,satiety:0->0,energy:94->93
tick=103 subject=M04 event=survival_changed result=health:85->80,satiety:0->0,energy:93->92
tick=103 subject=M05 event=survival_changed result=health:85->80,satiety:0->0,energy:96->95
tick=103 subject=M06 event=survival_changed result=health:85->80,satiety:0->0,energy:95->94
tick=103 subject=M07 event=survival_changed result=health:85->80,satiety:0->0,energy:96->95
tick=103 subject=M08 event=survival_changed result=health:100->100,satiety:13->12,energy:98->97
tick=103 subject=M09 event=survival_changed result=health:85->80,satiety:0->0,energy:96->95
tick=103 subject=M10 event=survival_changed result=health:85->80,satiety:0->0,energy:100->99
tick=103 subject=M11 event=survival_changed result=health:85->80,satiety:0->0,energy:97->96
tick=103 subject=M12 event=survival_changed result=health:85->80,satiety:0->0,energy:100->99
tick=104 subject=M01 event=survival_changed result=health:80->75,satiety:0->0,energy:92->91
tick=104 subject=M02 event=survival_changed result=health:80->75,satiety:0->0,energy:90->89
tick=104 subject=M03 event=survival_changed result=health:80->75,satiety:0->0,energy:100->99
tick=104 subject=M04 event=survival_changed result=health:80->75,satiety:0->0,energy:100->99
tick=104 subject=M05 event=survival_changed result=health:80->75,satiety:0->0,energy:95->94
tick=104 subject=M06 event=survival_changed result=health:80->75,satiety:0->0,energy:100->99
tick=104 subject=M07 event=survival_changed result=health:80->75,satiety:0->0,energy:95->94
tick=104 subject=M08 event=survival_changed result=health:100->100,satiety:12->11,energy:97->96
tick=104 subject=M09 event=survival_changed result=health:80->75,satiety:0->0,energy:95->94
tick=104 subject=M10 event=survival_changed result=health:80->75,satiety:0->0,energy:99->98
tick=104 subject=M11 event=survival_changed result=health:80->75,satiety:0->0,energy:100->99
tick=104 subject=M12 event=survival_changed result=health:80->75,satiety:0->0,energy:99->98
tick=105 subject=M01 event=survival_changed result=health:75->70,satiety:0->0,energy:91->90
tick=105 subject=M02 event=survival_changed result=health:75->70,satiety:0->0,energy:89->88
tick=105 subject=M03 event=survival_changed result=health:75->70,satiety:0->0,energy:99->98
tick=105 subject=M04 event=survival_changed result=health:75->70,satiety:0->0,energy:99->98
tick=105 subject=M05 event=survival_changed result=health:75->70,satiety:0->0,energy:94->93
tick=105 subject=M06 event=survival_changed result=health:75->70,satiety:0->0,energy:99->98
tick=105 subject=M07 event=survival_changed result=health:75->70,satiety:0->0,energy:94->93
tick=105 subject=M08 event=survival_changed result=health:100->100,satiety:11->10,energy:96->95
tick=105 subject=M09 event=survival_changed result=health:75->70,satiety:0->0,energy:94->93
tick=105 subject=M10 event=survival_changed result=health:75->70,satiety:0->0,energy:100->99
tick=105 subject=M11 event=survival_changed result=health:75->70,satiety:0->0,energy:99->98
tick=105 subject=M12 event=survival_changed result=health:75->70,satiety:0->0,energy:98->97
tick=106 subject=M01 event=survival_changed result=health:70->65,satiety:0->0,energy:100->99
tick=106 subject=M02 event=survival_changed result=health:70->65,satiety:0->0,energy:88->87
tick=106 subject=M03 event=survival_changed result=health:70->65,satiety:0->0,energy:98->97
tick=106 subject=M04 event=survival_changed result=health:70->65,satiety:0->0,energy:98->97
tick=106 subject=M05 event=survival_changed result=health:70->65,satiety:0->0,energy:100->99
tick=106 subject=M06 event=survival_changed result=health:70->65,satiety:0->0,energy:98->97
tick=106 subject=M07 event=survival_changed result=health:70->65,satiety:0->0,energy:93->92
tick=106 subject=M08 event=survival_changed result=health:100->100,satiety:10->9,energy:95->94
tick=106 subject=M09 event=survival_changed result=health:70->65,satiety:0->0,energy:93->92
tick=106 subject=M10 event=survival_changed result=health:70->65,satiety:0->0,energy:99->98
tick=106 subject=M11 event=survival_changed result=health:70->65,satiety:0->0,energy:98->97
tick=106 subject=M12 event=survival_changed result=health:70->65,satiety:0->0,energy:97->96
tick=107 subject=M01 event=survival_changed result=health:65->60,satiety:0->0,energy:99->98
tick=107 subject=M02 event=survival_changed result=health:65->60,satiety:0->0,energy:87->86
tick=107 subject=M03 event=survival_changed result=health:65->60,satiety:0->0,energy:100->99
tick=107 subject=M04 event=survival_changed result=health:65->60,satiety:0->0,energy:100->99
tick=107 subject=M05 event=survival_changed result=health:65->60,satiety:0->0,energy:99->98
tick=107 subject=M06 event=survival_changed result=health:65->60,satiety:0->0,energy:97->96
tick=107 subject=M07 event=survival_changed result=health:65->60,satiety:0->0,energy:92->91
tick=107 subject=M08 event=survival_changed result=health:100->100,satiety:9->8,energy:94->93
tick=107 subject=M09 event=survival_changed result=health:65->60,satiety:0->0,energy:92->91
tick=107 subject=M10 event=survival_changed result=health:65->60,satiety:0->0,energy:100->99
tick=107 subject=M11 event=survival_changed result=health:65->60,satiety:0->0,energy:97->96
tick=107 subject=M12 event=survival_changed result=health:65->60,satiety:0->0,energy:96->95
tick=108 subject=M01 event=survival_changed result=health:60->55,satiety:0->0,energy:100->99
tick=108 subject=M02 event=survival_changed result=health:60->55,satiety:0->0,energy:86->85
tick=108 subject=M03 event=survival_changed result=health:60->55,satiety:0->0,energy:99->98
tick=108 subject=M04 event=survival_changed result=health:60->55,satiety:0->0,energy:99->98
tick=108 subject=M05 event=survival_changed result=health:60->55,satiety:0->0,energy:98->97
tick=108 subject=M06 event=survival_changed result=health:60->55,satiety:0->0,energy:96->95
tick=108 subject=M07 event=survival_changed result=health:60->55,satiety:0->0,energy:91->90
tick=108 subject=M08 event=survival_changed result=health:100->100,satiety:8->7,energy:93->92
tick=108 subject=M09 event=survival_changed result=health:60->55,satiety:0->0,energy:91->90
tick=108 subject=M10 event=survival_changed result=health:60->55,satiety:0->0,energy:99->98
tick=108 subject=M11 event=survival_changed result=health:60->55,satiety:0->0,energy:96->95
tick=108 subject=M12 event=survival_changed result=health:60->55,satiety:0->0,energy:95->94
tick=109 subject=M01 event=survival_changed result=health:55->50,satiety:0->0,energy:100->99
tick=109 subject=M02 event=survival_changed result=health:55->50,satiety:0->0,energy:85->84
tick=109 subject=M03 event=survival_changed result=health:55->50,satiety:0->0,energy:98->97
tick=109 subject=M04 event=survival_changed result=health:55->50,satiety:0->0,energy:98->97
tick=109 subject=M05 event=survival_changed result=health:55->50,satiety:0->0,energy:97->96
tick=109 subject=M06 event=survival_changed result=health:55->50,satiety:0->0,energy:95->94
tick=109 subject=M07 event=survival_changed result=health:55->50,satiety:0->0,energy:90->89
tick=109 subject=M08 event=survival_changed result=health:100->100,satiety:7->6,energy:92->91
tick=109 subject=M09 event=survival_changed result=health:55->50,satiety:0->0,energy:90->89
tick=109 subject=M10 event=survival_changed result=health:55->50,satiety:0->0,energy:98->97
tick=109 subject=M11 event=survival_changed result=health:55->50,satiety:0->0,energy:95->94
tick=109 subject=M12 event=survival_changed result=health:55->50,satiety:0->0,energy:94->93
tick=110 subject=M01 event=survival_changed result=health:50->45,satiety:0->0,energy:99->98
tick=110 subject=M02 event=survival_changed result=health:50->45,satiety:0->0,energy:84->83
tick=110 subject=M03 event=survival_changed result=health:50->45,satiety:0->0,energy:97->96
tick=110 subject=M04 event=survival_changed result=health:50->45,satiety:0->0,energy:97->96
tick=110 subject=M05 event=survival_changed result=health:50->45,satiety:0->0,energy:96->95
tick=110 subject=M06 event=survival_changed result=health:50->45,satiety:0->0,energy:94->93
tick=110 subject=M07 event=survival_changed result=health:50->45,satiety:0->0,energy:89->88
tick=110 subject=M08 event=survival_changed result=health:100->100,satiety:6->5,energy:91->90
tick=110 subject=M09 event=survival_changed result=health:50->45,satiety:0->0,energy:100->99
tick=110 subject=M10 event=survival_changed result=health:50->45,satiety:0->0,energy:100->99
tick=110 subject=M11 event=survival_changed result=health:50->45,satiety:0->0,energy:94->93
tick=110 subject=M12 event=survival_changed result=health:50->45,satiety:0->0,energy:93->92
tick=110 subject=A event=food_regeneration_skipped result=reason:capacity,count:61
tick=110 subject=B event=food_regeneration_skipped result=reason:capacity,count:61
tick=111 subject=M01 event=survival_changed result=health:45->40,satiety:0->0,energy:98->97
tick=111 subject=M02 event=survival_changed result=health:45->40,satiety:0->0,energy:83->82
tick=111 subject=M03 event=survival_changed result=health:45->40,satiety:0->0,energy:100->99
tick=111 subject=M04 event=survival_changed result=health:45->40,satiety:0->0,energy:96->95
tick=111 subject=M05 event=survival_changed result=health:45->40,satiety:0->0,energy:95->94
tick=111 subject=M06 event=survival_changed result=health:45->40,satiety:0->0,energy:93->92
tick=111 subject=M07 event=survival_changed result=health:45->40,satiety:0->0,energy:88->87
tick=111 subject=M08 event=survival_changed result=health:100->100,satiety:5->4,energy:90->89
tick=111 subject=M09 event=survival_changed result=health:45->40,satiety:0->0,energy:99->98
tick=111 subject=M10 event=survival_changed result=health:45->40,satiety:0->0,energy:99->98
tick=111 subject=M11 event=survival_changed result=health:45->40,satiety:0->0,energy:93->92
tick=111 subject=M12 event=survival_changed result=health:45->40,satiety:0->0,energy:92->91
tick=112 subject=M01 event=survival_changed result=health:40->35,satiety:0->0,energy:97->96
tick=112 subject=M02 event=survival_changed result=health:40->35,satiety:0->0,energy:82->81
tick=112 subject=M03 event=survival_changed result=health:40->35,satiety:0->0,energy:99->98
tick=112 subject=M04 event=survival_changed result=health:40->35,satiety:0->0,energy:95->94
tick=112 subject=M05 event=survival_changed result=health:40->35,satiety:0->0,energy:94->93
tick=112 subject=M06 event=survival_changed result=health:40->35,satiety:0->0,energy:92->91
tick=112 subject=M07 event=survival_changed result=health:40->35,satiety:0->0,energy:87->86
tick=112 subject=M08 event=survival_changed result=health:100->100,satiety:4->3,energy:89->88
tick=112 subject=M09 event=survival_changed result=health:40->35,satiety:0->0,energy:98->97
tick=112 subject=M10 event=survival_changed result=health:40->35,satiety:0->0,energy:98->97
tick=112 subject=M11 event=survival_changed result=health:40->35,satiety:0->0,energy:92->91
tick=112 subject=M12 event=survival_changed result=health:40->35,satiety:0->0,energy:91->90
tick=113 subject=M01 event=survival_changed result=health:35->30,satiety:0->0,energy:96->95
tick=113 subject=M02 event=survival_changed result=health:35->30,satiety:0->0,energy:81->80
tick=113 subject=M03 event=survival_changed result=health:35->30,satiety:0->0,energy:100->99
tick=113 subject=M04 event=survival_changed result=health:35->30,satiety:0->0,energy:94->93
tick=113 subject=M05 event=survival_changed result=health:35->30,satiety:0->0,energy:93->92
tick=113 subject=M06 event=survival_changed result=health:35->30,satiety:0->0,energy:91->90
tick=113 subject=M07 event=survival_changed result=health:35->30,satiety:0->0,energy:86->85
tick=113 subject=M08 event=survival_changed result=health:100->100,satiety:3->2,energy:88->87
tick=113 subject=M09 event=survival_changed result=health:35->30,satiety:0->0,energy:97->96
tick=113 subject=M10 event=survival_changed result=health:35->30,satiety:0->0,energy:97->96
tick=113 subject=M11 event=survival_changed result=health:35->30,satiety:0->0,energy:91->90
tick=113 subject=M12 event=survival_changed result=health:35->30,satiety:0->0,energy:90->89
tick=114 subject=M01 event=survival_changed result=health:30->25,satiety:0->0,energy:95->94
tick=114 subject=M02 event=survival_changed result=health:30->25,satiety:0->0,energy:80->79
tick=114 subject=M03 event=survival_changed result=health:30->25,satiety:0->0,energy:100->99
tick=114 subject=M04 event=survival_changed result=health:30->25,satiety:0->0,energy:93->92
tick=114 subject=M05 event=survival_changed result=health:30->25,satiety:0->0,energy:92->91
tick=114 subject=M06 event=survival_changed result=health:30->25,satiety:0->0,energy:90->89
tick=114 subject=M07 event=survival_changed result=health:30->25,satiety:0->0,energy:85->84
tick=114 subject=M08 event=survival_changed result=health:100->100,satiety:2->1,energy:87->86
tick=114 subject=M09 event=survival_changed result=health:30->25,satiety:0->0,energy:100->99
tick=114 subject=M10 event=survival_changed result=health:30->25,satiety:0->0,energy:96->95
tick=114 subject=M11 event=survival_changed result=health:30->25,satiety:0->0,energy:90->89
tick=114 subject=M12 event=survival_changed result=health:30->25,satiety:0->0,energy:89->88
tick=115 subject=M01 event=survival_changed result=health:25->20,satiety:0->0,energy:94->93
tick=115 subject=M02 event=survival_changed result=health:25->20,satiety:0->0,energy:79->78
tick=115 subject=M03 event=survival_changed result=health:25->20,satiety:0->0,energy:99->98
tick=115 subject=M04 event=survival_changed result=health:25->20,satiety:0->0,energy:92->91
tick=115 subject=M05 event=survival_changed result=health:25->20,satiety:0->0,energy:91->90
tick=115 subject=M06 event=survival_changed result=health:25->20,satiety:0->0,energy:89->88
tick=115 subject=M07 event=survival_changed result=health:25->20,satiety:0->0,energy:84->83
tick=115 subject=M08 event=survival_changed result=health:100->95,satiety:1->0,energy:86->85
tick=115 subject=M09 event=survival_changed result=health:25->20,satiety:0->0,energy:99->98
tick=115 subject=M10 event=survival_changed result=health:25->20,satiety:0->0,energy:95->94
tick=115 subject=M11 event=survival_changed result=health:25->20,satiety:0->0,energy:89->88
tick=115 subject=M12 event=survival_changed result=health:25->20,satiety:0->0,energy:88->87
tick=116 subject=M01 event=survival_changed result=health:20->15,satiety:0->0,energy:93->92
tick=116 subject=M02 event=survival_changed result=health:20->15,satiety:0->0,energy:78->77
tick=116 subject=M03 event=survival_changed result=health:20->15,satiety:0->0,energy:98->97
tick=116 subject=M04 event=survival_changed result=health:20->15,satiety:0->0,energy:91->90
tick=116 subject=M05 event=survival_changed result=health:20->15,satiety:0->0,energy:90->89
tick=116 subject=M06 event=survival_changed result=health:20->15,satiety:0->0,energy:88->87
tick=116 subject=M07 event=survival_changed result=health:20->15,satiety:0->0,energy:83->82
tick=116 subject=M08 event=survival_changed result=health:95->90,satiety:0->0,energy:85->84
tick=116 subject=M09 event=survival_changed result=health:20->15,satiety:0->0,energy:98->97
tick=116 subject=M10 event=survival_changed result=health:20->15,satiety:0->0,energy:94->93
tick=116 subject=M11 event=survival_changed result=health:20->15,satiety:0->0,energy:88->87
tick=116 subject=M12 event=survival_changed result=health:20->15,satiety:0->0,energy:87->86
tick=117 subject=M01 event=survival_changed result=health:15->10,satiety:0->0,energy:92->91
tick=117 subject=M02 event=survival_changed result=health:15->10,satiety:0->0,energy:97->96
tick=117 subject=M03 event=survival_changed result=health:15->10,satiety:0->0,energy:97->96
tick=117 subject=M04 event=survival_changed result=health:15->10,satiety:0->0,energy:90->89
tick=117 subject=M05 event=survival_changed result=health:15->10,satiety:0->0,energy:89->88
tick=117 subject=M06 event=survival_changed result=health:15->10,satiety:0->0,energy:87->86
tick=117 subject=M07 event=survival_changed result=health:15->10,satiety:0->0,energy:100->99
tick=117 subject=M08 event=survival_changed result=health:90->85,satiety:0->0,energy:84->83
tick=117 subject=M09 event=survival_changed result=health:15->10,satiety:0->0,energy:97->96
tick=117 subject=M10 event=survival_changed result=health:15->10,satiety:0->0,energy:93->92
tick=117 subject=M11 event=survival_changed result=health:15->10,satiety:0->0,energy:87->86
tick=117 subject=M12 event=survival_changed result=health:15->10,satiety:0->0,energy:86->85
tick=118 subject=M01 event=survival_changed result=health:10->5,satiety:0->0,energy:91->90
tick=118 subject=M02 event=survival_changed result=health:10->5,satiety:0->0,energy:100->99
tick=118 subject=M03 event=survival_changed result=health:10->5,satiety:0->0,energy:96->95
tick=118 subject=M04 event=survival_changed result=health:10->5,satiety:0->0,energy:89->88
tick=118 subject=M05 event=survival_changed result=health:10->5,satiety:0->0,energy:88->87
tick=118 subject=M06 event=survival_changed result=health:10->5,satiety:0->0,energy:86->85
tick=118 subject=M07 event=survival_changed result=health:10->5,satiety:0->0,energy:99->98
tick=118 subject=M08 event=survival_changed result=health:85->80,satiety:0->0,energy:83->82
tick=118 subject=M09 event=survival_changed result=health:10->5,satiety:0->0,energy:96->95
tick=118 subject=M10 event=survival_changed result=health:10->5,satiety:0->0,energy:92->91
tick=118 subject=M11 event=survival_changed result=health:10->5,satiety:0->0,energy:100->99
tick=118 subject=M12 event=survival_changed result=health:10->5,satiety:0->0,energy:85->84
tick=119 subject=M01 event=survival_changed result=health:5->0,satiety:0->0,energy:90->89
tick=119 subject=M01 event=agent_died result=health:0
tick=119 subject=M02 event=survival_changed result=health:5->0,satiety:0->0,energy:99->98
tick=119 subject=M02 event=agent_died result=health:0
tick=119 subject=M03 event=survival_changed result=health:5->0,satiety:0->0,energy:95->94
tick=119 subject=M03 event=agent_died result=health:0
tick=119 subject=M04 event=survival_changed result=health:5->0,satiety:0->0,energy:88->87
tick=119 subject=M04 event=agent_died result=health:0
tick=119 subject=M05 event=survival_changed result=health:5->0,satiety:0->0,energy:87->86
tick=119 subject=M05 event=agent_died result=health:0
tick=119 subject=M06 event=survival_changed result=health:5->0,satiety:0->0,energy:85->84
tick=119 subject=M06 event=agent_died result=health:0
tick=119 subject=M07 event=survival_changed result=health:5->0,satiety:0->0,energy:98->97
tick=119 subject=M07 event=agent_died result=health:0
tick=119 subject=M08 event=survival_changed result=health:80->75,satiety:0->0,energy:82->81
tick=119 subject=M09 event=survival_changed result=health:5->0,satiety:0->0,energy:95->94
tick=119 subject=M09 event=agent_died result=health:0
tick=119 subject=M10 event=survival_changed result=health:5->0,satiety:0->0,energy:100->99
tick=119 subject=M10 event=agent_died result=health:0
tick=119 subject=M11 event=survival_changed result=health:5->0,satiety:0->0,energy:99->98
tick=119 subject=M11 event=agent_died result=health:0
tick=119 subject=M12 event=survival_changed result=health:5->0,satiety:0->0,energy:84->83
tick=119 subject=M12 event=agent_died result=health:0
tick=120 subject=M08 event=survival_changed result=health:75->70,satiety:0->0,energy:100->99
tick=120 subject=A event=food_regeneration_skipped result=reason:capacity,count:61
tick=120 subject=B event=food_regeneration_skipped result=reason:capacity,count:61
tick=121 subject=M08 event=survival_changed result=health:70->65,satiety:0->0,energy:99->98
tick=122 subject=M08 event=survival_changed result=health:65->60,satiety:0->0,energy:98->97
tick=123 subject=M08 event=survival_changed result=health:60->55,satiety:0->0,energy:100->99
tick=124 subject=M08 event=survival_changed result=health:55->50,satiety:0->0,energy:99->98
tick=125 subject=M08 event=survival_changed result=health:50->45,satiety:0->0,energy:98->97
tick=126 subject=M08 event=survival_changed result=health:45->40,satiety:0->0,energy:97->96
tick=127 subject=M08 event=survival_changed result=health:40->35,satiety:0->0,energy:96->95
tick=128 subject=M08 event=survival_changed result=health:35->30,satiety:0->0,energy:100->99
tick=129 subject=M08 event=survival_changed result=health:30->25,satiety:0->0,energy:99->98
tick=130 subject=M08 event=survival_changed result=health:25->20,satiety:0->0,energy:98->97
tick=130 subject=A event=food_regeneration_skipped result=reason:capacity,count:61
tick=130 subject=B event=food_regeneration_skipped result=reason:capacity,count:61
tick=131 subject=M08 event=survival_changed result=health:20->15,satiety:0->0,energy:97->96
tick=132 subject=M08 event=survival_changed result=health:15->10,satiety:0->0,energy:96->95
tick=133 subject=M08 event=survival_changed result=health:10->5,satiety:0->0,energy:95->94
tick=134 subject=M08 event=survival_changed result=health:5->0,satiety:0->0,energy:100->99
tick=134 subject=M08 event=agent_died result=health:0
tick=134 subject=world event=simulation_ended result=reason:extinction
summary reason=extinction ticks=134 survivors=0 deaths=12 territory_a=0 territory_b=0 food_a_low=21 food_a_medium=20 food_a_high=20 food_b_low=20 food_b_medium=21 food_b_high=20
